,app_id,review,app,token
0,,<Response [402]>,com.parthshukla.game2048,d5ad39d1fe4d3fc3a8d48cb6d94cd138e39530dd
1,,<Response [402]>,com.giudicelli.newyearcountdown,d5ad39d1fe4d3fc3a8d48cb6d94cd138e39530dd
2,,<Response [402]>,com.cerezapps.Frasesbonitasdeamistad,d5ad39d1fe4d3fc3a8d48cb6d94cd138e39530dd
3,,<Response [402]>,air.com.mapyourshow.EXPOMYSMobileApp,d5ad39d1fe4d3fc3a8d48cb6d94cd138e39530dd
4,,<Response [402]>,com.chownow.topzfrozenyogurtmetrodeli,d5ad39d1fe4d3fc3a8d48cb6d94cd138e39530dd
5,,<Response [402]>,com.burmashare.meephoegyi,d5ad39d1fe4d3fc3a8d48cb6d94cd138e39530dd
6,,<Response [402]>,com.poison.studio.text,d5ad39d1fe4d3fc3a8d48cb6d94cd138e39530dd
7,,<Response [402]>,com.garpitapps.christiangospel,d5ad39d1fe4d3fc3a8d48cb6d94cd138e39530dd
8,,<Response [402]>,com.museopithecusae.app,d5ad39d1fe4d3fc3a8d48cb6d94cd138e39530dd
9,,<Response [402]>,com.lagoontechnologies.atoll.hrms,d5ad39d1fe4d3fc3a8d48cb6d94cd138e39530dd
10,,<Response [402]>,com.madhouse.tow.truck.rescue.driver,d5ad39d1fe4d3fc3a8d48cb6d94cd138e39530dd
11,,<Response [402]>,com.Hindi_News_Live_TV.AajTak_News_Live.Live_News_TV_Live_TV,d5ad39d1fe4d3fc3a8d48cb6d94cd138e39530dd
12,,<Response [402]>,com.mindshoilding.boatchase,d5ad39d1fe4d3fc3a8d48cb6d94cd138e39530dd
13,,<Response [402]>,com.mm.android.OCSZAi,d5ad39d1fe4d3fc3a8d48cb6d94cd138e39530dd
14,,<Response [402]>,com.flexiroamx,d5ad39d1fe4d3fc3a8d48cb6d94cd138e39530dd
15,,<Response [402]>,com.zhystudio.SherlockHolmesCollectionEnglish,d5ad39d1fe4d3fc3a8d48cb6d94cd138e39530dd
16,,<Response [402]>,com.waygng,d5ad39d1fe4d3fc3a8d48cb6d94cd138e39530dd
17,,<Response [402]>,com.emcan.dar_alzain,d5ad39d1fe4d3fc3a8d48cb6d94cd138e39530dd
18,,<Response [402]>,com.qanjerumbi.sholawatnabi.sholawatnabimp3.bacaanshalawatnabi,d5ad39d1fe4d3fc3a8d48cb6d94cd138e39530dd
19,,<Response [402]>,com.echurchapps.rockharbor,d5ad39d1fe4d3fc3a8d48cb6d94cd138e39530dd
20,,<Response [402]>,net.playtowingames.casino,d5ad39d1fe4d3fc3a8d48cb6d94cd138e39530dd
21,,<Response [402]>,com.colorlyproduction.skystarstack,d5ad39d1fe4d3fc3a8d48cb6d94cd138e39530dd
22,,<Response [402]>,com.kuraki.potentialtest,d5ad39d1fe4d3fc3a8d48cb6d94cd138e39530dd
23,,<Response [402]>,com.sweetstudio.DrawChibiCelebrities,d5ad39d1fe4d3fc3a8d48cb6d94cd138e39530dd
24,,<Response [402]>,com.limmercreative.srtengine.palsreview,d5ad39d1fe4d3fc3a8d48cb6d94cd138e39530dd
25,,<Response [402]>,air.JoyEscapeGamesEscape23,d5ad39d1fe4d3fc3a8d48cb6d94cd138e39530dd
26,,<Response [402]>,com.cymstudio.precious.radio.jackson.la,d5ad39d1fe4d3fc3a8d48cb6d94cd138e39530dd
27,,<Response [402]>,it.edisport.magazines.autoepoca,d5ad39d1fe4d3fc3a8d48cb6d94cd138e39530dd
28,,<Response [402]>,com.superfanu.fairfield,d5ad39d1fe4d3fc3a8d48cb6d94cd138e39530dd
29,,<Response [402]>,com.bookdepth.quotes.nietzsche,d5ad39d1fe4d3fc3a8d48cb6d94cd138e39530dd
30,,<Response [402]>,com.vyrcloud.terahgps,d5ad39d1fe4d3fc3a8d48cb6d94cd138e39530dd
31,,<Response [402]>,com.skyclass.ibadayafunga,d5ad39d1fe4d3fc3a8d48cb6d94cd138e39530dd
32,,<Response [402]>,com.smartustadz.ibnuabbas,d5ad39d1fe4d3fc3a8d48cb6d94cd138e39530dd
33,,<Response [402]>,ru.FoodSoul.OryolYaHochu,d5ad39d1fe4d3fc3a8d48cb6d94cd138e39530dd
34,,<Response [402]>,com.owlslate.owlslate,d5ad39d1fe4d3fc3a8d48cb6d94cd138e39530dd
35,,<Response [402]>,com.games2play.impossiblelimodrivingsims,d5ad39d1fe4d3fc3a8d48cb6d94cd138e39530dd
36,,<Response [402]>,com.boundarytechnologies.boundarymobile,d5ad39d1fe4d3fc3a8d48cb6d94cd138e39530dd
37,,<Response [402]>,com.inet.sukieniNET,d5ad39d1fe4d3fc3a8d48cb6d94cd138e39530dd
38,,<Response [402]>,com.siwonschool.russiatab,d5ad39d1fe4d3fc3a8d48cb6d94cd138e39530dd
39,,<Response [402]>,com.troxler.version1p1,d5ad39d1fe4d3fc3a8d48cb6d94cd138e39530dd
40,,<Response [402]>,com.pdgame.tictoctoe,d5ad39d1fe4d3fc3a8d48cb6d94cd138e39530dd
41,,<Response [402]>,choluvision.canal27,d5ad39d1fe4d3fc3a8d48cb6d94cd138e39530dd
42,,<Response [402]>,com.phorest.essencespa,d5ad39d1fe4d3fc3a8d48cb6d94cd138e39530dd
43,,<Response [402]>,com.ikeyboard.theme.cactus.garden,d5ad39d1fe4d3fc3a8d48cb6d94cd138e39530dd
44,,<Response [402]>,com.mrsoft.sigs,d5ad39d1fe4d3fc3a8d48cb6d94cd138e39530dd
45,,<Response [402]>,keum.daniel25.compass_decisionwheel,d5ad39d1fe4d3fc3a8d48cb6d94cd138e39530dd
46,,<Response [402]>,cah.phto.beachsandart,d5ad39d1fe4d3fc3a8d48cb6d94cd138e39530dd
47,,<Response [402]>,com.fishersfoods.android.google.consumer,d5ad39d1fe4d3fc3a8d48cb6d94cd138e39530dd
48,,<Response [402]>,howto.make.origami.turnip.foodpapercraft.cnr.app,d5ad39d1fe4d3fc3a8d48cb6d94cd138e39530dd
49,,<Response [402]>,com.cotizador.appjf,d5ad39d1fe4d3fc3a8d48cb6d94cd138e39530dd
50,,<Response [402]>,com.doed.llvve.doedexamscan,d5ad39d1fe4d3fc3a8d48cb6d94cd138e39530dd
51,,<Response [402]>,com.fairbanksdailynews.android.prod,d5ad39d1fe4d3fc3a8d48cb6d94cd138e39530dd
52,,<Response [402]>,com.Borfreeapps.SlamMixmarathon,d5ad39d1fe4d3fc3a8d48cb6d94cd138e39530dd
53,,<Response [402]>,com.sketchdrawstudioz.howtodrawcarsart,d5ad39d1fe4d3fc3a8d48cb6d94cd138e39530dd
54,,<Response [402]>,com.quotesgarden.sylviaplathquotesapp,d5ad39d1fe4d3fc3a8d48cb6d94cd138e39530dd
55,,<Response [402]>,com.ept.klmetro,d5ad39d1fe4d3fc3a8d48cb6d94cd138e39530dd
56,,<Response [402]>,eu.fortrade.pro,d5ad39d1fe4d3fc3a8d48cb6d94cd138e39530dd
57,,<Response [402]>,com.tagwizz.mpth,d5ad39d1fe4d3fc3a8d48cb6d94cd138e39530dd
58,,<Response [402]>,com.tav.tibahairport,d5ad39d1fe4d3fc3a8d48cb6d94cd138e39530dd
59,,<Response [402]>,com.lomolsoft.dict.kedict,d5ad39d1fe4d3fc3a8d48cb6d94cd138e39530dd
60,,<Response [402]>,com.gamegarden.iv,d5ad39d1fe4d3fc3a8d48cb6d94cd138e39530dd
61,,<Response [402]>,net.slot_seek.pachilog,d5ad39d1fe4d3fc3a8d48cb6d94cd138e39530dd
62,,<Response [402]>,com.inigo.moviljulio,d5ad39d1fe4d3fc3a8d48cb6d94cd138e39530dd
63,,<Response [402]>,eu.chimap.chimappalmsprings,d5ad39d1fe4d3fc3a8d48cb6d94cd138e39530dd
64,,<Response [402]>,com.TastyPie.ImposterGang,d5ad39d1fe4d3fc3a8d48cb6d94cd138e39530dd
65,,<Response [402]>,com.Lefcosmetics.Lefcosmetics,d5ad39d1fe4d3fc3a8d48cb6d94cd138e39530dd
66,,<Response [402]>,com.oreogames.counter.terrorist.shooting.critical.strike.attack,d5ad39d1fe4d3fc3a8d48cb6d94cd138e39530dd
67,,<Response [402]>,com.imac.entertaniment.NewsToday24UKNewsss,d5ad39d1fe4d3fc3a8d48cb6d94cd138e39530dd
68,,<Response [402]>,com.subsplashconsulting.s_N9VSWC,d5ad39d1fe4d3fc3a8d48cb6d94cd138e39530dd
69,,<Response [402]>,com.mixwallpaper.jennieblackpinkwallpaper,d5ad39d1fe4d3fc3a8d48cb6d94cd138e39530dd
70,,<Response [402]>,com.andromo.dev540689.app522267,d5ad39d1fe4d3fc3a8d48cb6d94cd138e39530dd
71,,<Response [402]>,ch.hcdnachwuchs.mobile,d5ad39d1fe4d3fc3a8d48cb6d94cd138e39530dd
72,,<Response [402]>,com.shelter.android,d5ad39d1fe4d3fc3a8d48cb6d94cd138e39530dd
73,,<Response [402]>,gng.gonogomo.gonogo.mobileordering.com.koibito,d5ad39d1fe4d3fc3a8d48cb6d94cd138e39530dd
74,,<Response [402]>,com.improver.stily,d5ad39d1fe4d3fc3a8d48cb6d94cd138e39530dd
75,,<Response [402]>,com.hengst.catalog,d5ad39d1fe4d3fc3a8d48cb6d94cd138e39530dd
76,,<Response [402]>,com.curry.restaurant,d5ad39d1fe4d3fc3a8d48cb6d94cd138e39530dd
77,,<Response [402]>,com.apph.kids.nursery.rhymes.poems,d5ad39d1fe4d3fc3a8d48cb6d94cd138e39530dd
78,,<Response [402]>,com.radiosasaki.mauritius,d5ad39d1fe4d3fc3a8d48cb6d94cd138e39530dd
79,,<Response [402]>,byot.android.nschool.lotterysambadapp,d5ad39d1fe4d3fc3a8d48cb6d94cd138e39530dd
80,,<Response [402]>,com.ahadeethramadan.ramadan,d5ad39d1fe4d3fc3a8d48cb6d94cd138e39530dd
81,,<Response [402]>,com.metalanguage.learnnorwegian,d5ad39d1fe4d3fc3a8d48cb6d94cd138e39530dd
82,,<Response [402]>,com.pancol.LifeIsGood,d5ad39d1fe4d3fc3a8d48cb6d94cd138e39530dd
83,,<Response [402]>,com.Jacques.IT_Games.Toy_Match,d5ad39d1fe4d3fc3a8d48cb6d94cd138e39530dd
84,,<Response [402]>,fmvirgenurkupina.com.app,d5ad39d1fe4d3fc3a8d48cb6d94cd138e39530dd
85,,<Response [402]>,it.alessandrolarocca.nikiagenda,d5ad39d1fe4d3fc3a8d48cb6d94cd138e39530dd
86,,<Response [402]>,medina.dev.ticmovil,d5ad39d1fe4d3fc3a8d48cb6d94cd138e39530dd
87,,<Response [402]>,com.catex.partner,d5ad39d1fe4d3fc3a8d48cb6d94cd138e39530dd
88,,<Response [402]>,com.chamberlain.myq.community,d5ad39d1fe4d3fc3a8d48cb6d94cd138e39530dd
89,,<Response [402]>,com.icreon.travelconnect,d5ad39d1fe4d3fc3a8d48cb6d94cd138e39530dd
90,,<Response [402]>,emtyaz.islamique.quatre,d5ad39d1fe4d3fc3a8d48cb6d94cd138e39530dd
91,,<Response [402]>,com.womenwedding.photosuit,d5ad39d1fe4d3fc3a8d48cb6d94cd138e39530dd
92,,<Response [402]>,com.PD.maliburadio.losangelesradio,d5ad39d1fe4d3fc3a8d48cb6d94cd138e39530dd
93,,<Response [402]>,com.AppInstitute.yard46,d5ad39d1fe4d3fc3a8d48cb6d94cd138e39530dd
94,,<Response [402]>,com.phoneBook.pro,d5ad39d1fe4d3fc3a8d48cb6d94cd138e39530dd
95,,<Response [402]>,cl.tustreaming.sabortropical,d5ad39d1fe4d3fc3a8d48cb6d94cd138e39530dd
96,,<Response [402]>,com.mcubespuzzles.chater,d5ad39d1fe4d3fc3a8d48cb6d94cd138e39530dd
97,,<Response [402]>,com.essotec.smoothlifestyle,d5ad39d1fe4d3fc3a8d48cb6d94cd138e39530dd
98,,<Response [402]>,com.techco.peopeo,d5ad39d1fe4d3fc3a8d48cb6d94cd138e39530dd
99,,<Response [402]>,com.weatherkey.android,d5ad39d1fe4d3fc3a8d48cb6d94cd138e39530dd
100,,<Response [402]>,com.Luna.CowWallpapers,d5ad39d1fe4d3fc3a8d48cb6d94cd138e39530dd
101,,<Response [402]>,com.fungenerationlab.gxmotors,d5ad39d1fe4d3fc3a8d48cb6d94cd138e39530dd
102,,<Response [402]>,noviaprims.gfriend,d5ad39d1fe4d3fc3a8d48cb6d94cd138e39530dd
103,,<Response [402]>,com.rakeshdeshpande.mypractice,d5ad39d1fe4d3fc3a8d48cb6d94cd138e39530dd
104,,<Response [402]>,com.wlf.frabbit.user,d5ad39d1fe4d3fc3a8d48cb6d94cd138e39530dd
105,,<Response [402]>,com.system2.solutions.healthpotli.healthpotlidelivery,d5ad39d1fe4d3fc3a8d48cb6d94cd138e39530dd
106,,<Response [402]>,com.github.javiersantos.materialstyleddialogs.demo,d5ad39d1fe4d3fc3a8d48cb6d94cd138e39530dd
107,,<Response [402]>,com.doaibustudio.brokenscreen,d5ad39d1fe4d3fc3a8d48cb6d94cd138e39530dd
108,,<Response [402]>,com.CrimsonHorizon.Pitfall,d5ad39d1fe4d3fc3a8d48cb6d94cd138e39530dd
109,,<Response [402]>,com.sfgs.fps.commado.counter.shooting.games.strike_2020,d5ad39d1fe4d3fc3a8d48cb6d94cd138e39530dd
110,,<Response [402]>,com.muspelheim809.jaguarsoundslivewallpaper,d5ad39d1fe4d3fc3a8d48cb6d94cd138e39530dd
111,,<Response [402]>,com.techsmartgifts.quotes_motivation,d5ad39d1fe4d3fc3a8d48cb6d94cd138e39530dd
112,,<Response [402]>,app.XeraLabs.Milagros,d5ad39d1fe4d3fc3a8d48cb6d94cd138e39530dd
113,,<Response [402]>,com.dgatto.adelaidemetro,d5ad39d1fe4d3fc3a8d48cb6d94cd138e39530dd
114,,<Response [402]>,com.sorex.binairo,d5ad39d1fe4d3fc3a8d48cb6d94cd138e39530dd
115,,<Response [402]>,com.abgc.eregister.dps_sursand,d5ad39d1fe4d3fc3a8d48cb6d94cd138e39530dd
116,,<Response [402]>,com.mobincube.estonia_constitution.sc_56IGQL,d5ad39d1fe4d3fc3a8d48cb6d94cd138e39530dd
117,,<Response [402]>,com.favouritesystems.android.emergencyapp.nla113,d5ad39d1fe4d3fc3a8d48cb6d94cd138e39530dd
118,,<Response [402]>,com.ghamza.colorball,d5ad39d1fe4d3fc3a8d48cb6d94cd138e39530dd
119,,<Response [402]>,com.softpole.www.kidsguru,d5ad39d1fe4d3fc3a8d48cb6d94cd138e39530dd
120,,<Response [402]>,fr.sevran.mobile,d5ad39d1fe4d3fc3a8d48cb6d94cd138e39530dd
121,,<Response [402]>,com.conexialstech.finn_wls_hd,d5ad39d1fe4d3fc3a8d48cb6d94cd138e39530dd
122,,<Response [402]>,com.gujarati.bhagvad.gita.adhyay,d5ad39d1fe4d3fc3a8d48cb6d94cd138e39530dd
123,,<Response [402]>,com.iselame.sobehi.soryte,d5ad39d1fe4d3fc3a8d48cb6d94cd138e39530dd
124,,<Response [402]>,br.com.driver.ubcatalao,d5ad39d1fe4d3fc3a8d48cb6d94cd138e39530dd
125,,<Response [402]>,com.blc_app,d5ad39d1fe4d3fc3a8d48cb6d94cd138e39530dd
126,,<Response [402]>,com.PBNGGames.Tapit,d5ad39d1fe4d3fc3a8d48cb6d94cd138e39530dd
127,,<Response [402]>,com.happyshopping.oraapp,d5ad39d1fe4d3fc3a8d48cb6d94cd138e39530dd
128,,<Response [402]>,com.bf.appd67eb8,d5ad39d1fe4d3fc3a8d48cb6d94cd138e39530dd
129,,<Response [402]>,com.forqan.tech.mathschool,d5ad39d1fe4d3fc3a8d48cb6d94cd138e39530dd
130,,<Response [402]>,kartarkat.com.mynotes,d5ad39d1fe4d3fc3a8d48cb6d94cd138e39530dd
131,,<Response [402]>,sk.stevesmith,d5ad39d1fe4d3fc3a8d48cb6d94cd138e39530dd
132,,<Response [402]>,com.olo.johnnyrockets,d5ad39d1fe4d3fc3a8d48cb6d94cd138e39530dd
133,,<Response [402]>,com.tashtebati.tashtebationlinewebview,d5ad39d1fe4d3fc3a8d48cb6d94cd138e39530dd
134,,<Response [402]>,com.andromo.dev686997.app718080,d5ad39d1fe4d3fc3a8d48cb6d94cd138e39530dd
135,,<Response [402]>,com.praxello.smartquiz,d5ad39d1fe4d3fc3a8d48cb6d94cd138e39530dd
136,,<Response [402]>,com.dbd.bobbiescamera,d5ad39d1fe4d3fc3a8d48cb6d94cd138e39530dd
137,,<Response [402]>,com.BaZing.PeoplesBankNC5956,d5ad39d1fe4d3fc3a8d48cb6d94cd138e39530dd
138,,<Response [402]>,com.eightsec.idlearmy,d5ad39d1fe4d3fc3a8d48cb6d94cd138e39530dd
139,,<Response [402]>,com.app.dimh.dimhandroid,d5ad39d1fe4d3fc3a8d48cb6d94cd138e39530dd
140,,<Response [402]>,com.appscroy.psalm93,d5ad39d1fe4d3fc3a8d48cb6d94cd138e39530dd
141,,<Response [402]>,com.bakaty.montakab,d5ad39d1fe4d3fc3a8d48cb6d94cd138e39530dd
142,,<Response [402]>,com.fazrilab.rumayso,d5ad39d1fe4d3fc3a8d48cb6d94cd138e39530dd
143,,<Response [402]>,ru.myappbook.ReceptIzKislogoMoloka,d5ad39d1fe4d3fc3a8d48cb6d94cd138e39530dd
144,,<Response [402]>,com.phoenixville.mobile,d5ad39d1fe4d3fc3a8d48cb6d94cd138e39530dd
145,,<Response [402]>,com.qawaid.anahw,d5ad39d1fe4d3fc3a8d48cb6d94cd138e39530dd
146,,<Response [402]>,com.gamebridge.CityBomber3D,d5ad39d1fe4d3fc3a8d48cb6d94cd138e39530dd
147,,<Response [402]>,com.Humbug.TapIt,d5ad39d1fe4d3fc3a8d48cb6d94cd138e39530dd
148,,<Response [402]>,com.intsig.camcard.enterprise,d5ad39d1fe4d3fc3a8d48cb6d94cd138e39530dd
149,,<Response [402]>,jp.gr.java_conf.mysoft.android.bluelightfilter,d5ad39d1fe4d3fc3a8d48cb6d94cd138e39530dd
150,,<Response [402]>,com.megalabs.disk,d5ad39d1fe4d3fc3a8d48cb6d94cd138e39530dd
151,,<Response [402]>,com.apptegy.creativetech,d5ad39d1fe4d3fc3a8d48cb6d94cd138e39530dd
152,,<Response [402]>,com.rishabhmohan.HOVERBOARDDRAWSCAPEPHYSICSBASEDLINEPUZZLER,d5ad39d1fe4d3fc3a8d48cb6d94cd138e39530dd
153,,<Response [402]>,com.ques.hiindsight,d5ad39d1fe4d3fc3a8d48cb6d94cd138e39530dd
154,,<Response [402]>,com.PAKVideo.Player,d5ad39d1fe4d3fc3a8d48cb6d94cd138e39530dd
155,,<Response [402]>,com.freemobileappsMY.HariRayacardEidMubarak,d5ad39d1fe4d3fc3a8d48cb6d94cd138e39530dd
156,,<Response [402]>,com.mypthub.metrorecplextraining,d5ad39d1fe4d3fc3a8d48cb6d94cd138e39530dd
157,,<Response [402]>,com.tristar.main,d5ad39d1fe4d3fc3a8d48cb6d94cd138e39530dd
158,,<Response [402]>,com.mobility.six.maths.cbse,d5ad39d1fe4d3fc3a8d48cb6d94cd138e39530dd
159,,<Response [402]>,co.april2019.koc,d5ad39d1fe4d3fc3a8d48cb6d94cd138e39530dd
160,,<Response [402]>,com.jupiterbs.jbmmobile,d5ad39d1fe4d3fc3a8d48cb6d94cd138e39530dd
161,,<Response [402]>,com.appliedsystems.mobileinsured.agenc28,d5ad39d1fe4d3fc3a8d48cb6d94cd138e39530dd
162,,<Response [402]>,com.adamart.smoketexteffect,d5ad39d1fe4d3fc3a8d48cb6d94cd138e39530dd
163,,<Response [402]>,com.aiapp.beauty.makeup,d5ad39d1fe4d3fc3a8d48cb6d94cd138e39530dd
164,,<Response [402]>,com.oridani.lum,d5ad39d1fe4d3fc3a8d48cb6d94cd138e39530dd
165,,<Response [402]>,com.tinder.statustinder,d5ad39d1fe4d3fc3a8d48cb6d94cd138e39530dd
166,,<Response [402]>,com.radiosonlinefree.fm882radiostationsonlinefreemusicapp,d5ad39d1fe4d3fc3a8d48cb6d94cd138e39530dd
167,,<Response [402]>,com.hectorfranco.SweetPastriesFactory,d5ad39d1fe4d3fc3a8d48cb6d94cd138e39530dd
168,,<Response [402]>,com.customchurchapps.worrylesspraymore,d5ad39d1fe4d3fc3a8d48cb6d94cd138e39530dd
169,,<Response [402]>,com.bestsebist.princess.skins.pack,d5ad39d1fe4d3fc3a8d48cb6d94cd138e39530dd
170,,<Response [402]>,org.idoms.tourguideAndroid,d5ad39d1fe4d3fc3a8d48cb6d94cd138e39530dd
171,,<Response [402]>,xyz.tuapponline.android5ef747bf06a95,d5ad39d1fe4d3fc3a8d48cb6d94cd138e39530dd
172,,<Response [402]>,com.Tobit.android.Slitte7241314274,d5ad39d1fe4d3fc3a8d48cb6d94cd138e39530dd
173,,<Response [402]>,com.appbunk.apps.android5d8750ad20986,d5ad39d1fe4d3fc3a8d48cb6d94cd138e39530dd
174,,<Response [402]>,us.cloudmaestro.maestro,d5ad39d1fe4d3fc3a8d48cb6d94cd138e39530dd
175,,<Response [402]>,rakshaba.ndhamvid.eostatus,d5ad39d1fe4d3fc3a8d48cb6d94cd138e39530dd
176,,<Response [402]>,com.ikeyboard.theme.pink_cute_princess,d5ad39d1fe4d3fc3a8d48cb6d94cd138e39530dd
177,,<Response [402]>,com.subsplash.thechurchapp.connectchurchmt,d5ad39d1fe4d3fc3a8d48cb6d94cd138e39530dd
178,,<Response [402]>,com.promaster.CoEduSch,d5ad39d1fe4d3fc3a8d48cb6d94cd138e39530dd
179,,<Response [402]>,de.landwehr.l2check,d5ad39d1fe4d3fc3a8d48cb6d94cd138e39530dd
180,,<Response [402]>,my.evorunner.game,d5ad39d1fe4d3fc3a8d48cb6d94cd138e39530dd
181,,<Response [402]>,com.tiawy.fakechat,d5ad39d1fe4d3fc3a8d48cb6d94cd138e39530dd
182,,<Response [402]>,ru.kingbird.doggame,d5ad39d1fe4d3fc3a8d48cb6d94cd138e39530dd
183,,<Response [402]>,com.strykerapp,d5ad39d1fe4d3fc3a8d48cb6d94cd138e39530dd
184,,<Response [402]>,com.flashappo.carelectricalrepair,d5ad39d1fe4d3fc3a8d48cb6d94cd138e39530dd
185,,<Response [402]>,com.elainemartin,d5ad39d1fe4d3fc3a8d48cb6d94cd138e39530dd
186,,<Response [402]>,com.ViVa.FlyingStuff,d5ad39d1fe4d3fc3a8d48cb6d94cd138e39530dd
187,,<Response [402]>,com.supercolor.bricks,d5ad39d1fe4d3fc3a8d48cb6d94cd138e39530dd
188,,<Response [402]>,com.teamsteractive.teamsterslocal322,d5ad39d1fe4d3fc3a8d48cb6d94cd138e39530dd
189,,<Response [402]>,sistemavitto.grillrestaurante,d5ad39d1fe4d3fc3a8d48cb6d94cd138e39530dd
190,,<Response [402]>,com.sinopulsar.nursemaid1,d5ad39d1fe4d3fc3a8d48cb6d94cd138e39530dd
191,,<Response [402]>,com.church.vashtimckenzie,d5ad39d1fe4d3fc3a8d48cb6d94cd138e39530dd
192,,<Response [402]>,com.chownow.barleystaproom,d5ad39d1fe4d3fc3a8d48cb6d94cd138e39530dd
193,,<Response [402]>,com.makeshop.powerapp.imcos,d5ad39d1fe4d3fc3a8d48cb6d94cd138e39530dd
194,,<Response [402]>,com.sh00t.YakiTori,d5ad39d1fe4d3fc3a8d48cb6d94cd138e39530dd
195,,<Response [402]>,com.dj.CrazyWalls,d5ad39d1fe4d3fc3a8d48cb6d94cd138e39530dd
196,,<Response [402]>,com.aphubdev.ramrobgai,d5ad39d1fe4d3fc3a8d48cb6d94cd138e39530dd
197,,<Response [402]>,com.Korean.Thinker,d5ad39d1fe4d3fc3a8d48cb6d94cd138e39530dd
198,,<Response [402]>,mdm.vincentvega.it,d5ad39d1fe4d3fc3a8d48cb6d94cd138e39530dd
199,,<Response [402]>,com.monoku.zebra.customer,d5ad39d1fe4d3fc3a8d48cb6d94cd138e39530dd
200,,<Response [402]>,com.worldbestapps.Education.HowtoWriteaBusinessPlan,d5ad39d1fe4d3fc3a8d48cb6d94cd138e39530dd
201,,<Response [402]>,com.littlepilgrimstheology.app,d5ad39d1fe4d3fc3a8d48cb6d94cd138e39530dd
202,,<Response [402]>,com.ACN.divide,d5ad39d1fe4d3fc3a8d48cb6d94cd138e39530dd
203,,<Response [402]>,br.com.megasenaloteriasonline,d5ad39d1fe4d3fc3a8d48cb6d94cd138e39530dd
204,,<Response [402]>,com.gpsmycity.android.u217,d5ad39d1fe4d3fc3a8d48cb6d94cd138e39530dd
205,,<Response [402]>,com.zedr.boxing_clock,d5ad39d1fe4d3fc3a8d48cb6d94cd138e39530dd
206,,<Response [402]>,com.micapp.multidelivery_micansfoodapp,d5ad39d1fe4d3fc3a8d48cb6d94cd138e39530dd
207,,<Response [402]>,com.nikadev.radioshqipfm,d5ad39d1fe4d3fc3a8d48cb6d94cd138e39530dd
208,,<Response [402]>,com.renown.hospiasset,d5ad39d1fe4d3fc3a8d48cb6d94cd138e39530dd
209,,<Response [402]>,com.sout_rahim.dicationary_arab_khmer,d5ad39d1fe4d3fc3a8d48cb6d94cd138e39530dd
210,,<Response [402]>,com.coolkeyboard.sunsetbeachkeyboardtheme,d5ad39d1fe4d3fc3a8d48cb6d94cd138e39530dd
211,,<Response [402]>,com.minimfit,d5ad39d1fe4d3fc3a8d48cb6d94cd138e39530dd
212,,<Response [402]>,com.carco.cisive,d5ad39d1fe4d3fc3a8d48cb6d94cd138e39530dd
213,,<Response [402]>,com.dev.dedete.boysskins,d5ad39d1fe4d3fc3a8d48cb6d94cd138e39530dd
214,,<Response [402]>,com.AlexGames.Runner,d5ad39d1fe4d3fc3a8d48cb6d94cd138e39530dd
215,,<Response [402]>,com.pixelperfectdude.extremebeachvolley,d5ad39d1fe4d3fc3a8d48cb6d94cd138e39530dd
216,,<Response [402]>,com.autoportal.india,d5ad39d1fe4d3fc3a8d48cb6d94cd138e39530dd
217,,<Response [402]>,com.app.TGAOlumanbaradio,d5ad39d1fe4d3fc3a8d48cb6d94cd138e39530dd
218,,<Response [402]>,es.realidadb.librosgratisespanol.Dorotea,d5ad39d1fe4d3fc3a8d48cb6d94cd138e39530dd
219,,<Response [402]>,com.adbit.footballeverywhere,d5ad39d1fe4d3fc3a8d48cb6d94cd138e39530dd
220,,<Response [402]>,com.sumogames.candyrider,d5ad39d1fe4d3fc3a8d48cb6d94cd138e39530dd
221,,<Response [402]>,com.seguimy.rachele,d5ad39d1fe4d3fc3a8d48cb6d94cd138e39530dd
222,,<Response [402]>,com.moofwd.mx.ebc,d5ad39d1fe4d3fc3a8d48cb6d94cd138e39530dd
223,,<Response [402]>,ru.fantasyinvestinc.fantasyinvestapp,d5ad39d1fe4d3fc3a8d48cb6d94cd138e39530dd
224,,<Response [402]>,com.crowdcomms.insightslive,d5ad39d1fe4d3fc3a8d48cb6d94cd138e39530dd
225,,<Response [402]>,io.ionic.starter.hussain.abuidrees,d5ad39d1fe4d3fc3a8d48cb6d94cd138e39530dd
226,,<Response [402]>,consulta.de.saldo.panama,d5ad39d1fe4d3fc3a8d48cb6d94cd138e39530dd
227,,<Response [402]>,com.siembrawlmobile.PacificJusticeInstitute,d5ad39d1fe4d3fc3a8d48cb6d94cd138e39530dd
228,,<Response [402]>,com.TheGravity.MagicCubeVariantsCollection,d5ad39d1fe4d3fc3a8d48cb6d94cd138e39530dd
229,,<Response [402]>,appinventor.ai_inelsoft.Brailles_Teacher,d5ad39d1fe4d3fc3a8d48cb6d94cd138e39530dd
230,,<Response [402]>,com.jrll.musicacorrodosybandagratis,d5ad39d1fe4d3fc3a8d48cb6d94cd138e39530dd
231,,<Response [402]>,bbs.huasing.org.huasingandroidapp,d5ad39d1fe4d3fc3a8d48cb6d94cd138e39530dd
232,,<Response [402]>,com.playwithgames.ExpoParking,d5ad39d1fe4d3fc3a8d48cb6d94cd138e39530dd
233,,<Response [402]>,com.reverbs.SpaceshipFrontier,d5ad39d1fe4d3fc3a8d48cb6d94cd138e39530dd
234,,<Response [402]>,com.influitive.whitelabel.tibco,d5ad39d1fe4d3fc3a8d48cb6d94cd138e39530dd
235,,<Response [402]>,com.customchurchapps.christchurchportorange,d5ad39d1fe4d3fc3a8d48cb6d94cd138e39530dd
236,,<Response [402]>,ib.coloringbook.kingazooz,d5ad39d1fe4d3fc3a8d48cb6d94cd138e39530dd
237,,<Response [402]>,com.forsage.india,d5ad39d1fe4d3fc3a8d48cb6d94cd138e39530dd
238,,<Response [402]>,com.BluesMusic,d5ad39d1fe4d3fc3a8d48cb6d94cd138e39530dd
239,,<Response [402]>,com.kbtpn.wallreverse,d5ad39d1fe4d3fc3a8d48cb6d94cd138e39530dd
240,,<Response [402]>,com.magneticonemobile.businesscardreader.suitecrm,d5ad39d1fe4d3fc3a8d48cb6d94cd138e39530dd
241,,<Response [402]>,com.appmosafir,d5ad39d1fe4d3fc3a8d48cb6d94cd138e39530dd
242,,<Response [402]>,ac.uk.brunel.reco2stProject,d5ad39d1fe4d3fc3a8d48cb6d94cd138e39530dd
243,,<Response [402]>,io.pushpay.crossroadsbigfork,d5ad39d1fe4d3fc3a8d48cb6d94cd138e39530dd
244,,<Response [402]>,com.financemattersfree.app,d5ad39d1fe4d3fc3a8d48cb6d94cd138e39530dd
245,,<Response [402]>,com.mobincube.tafels_oefenen.sc_DBAVWY,d5ad39d1fe4d3fc3a8d48cb6d94cd138e39530dd
246,,<Response [402]>,com.quotesmessages.motivationalquotes,d5ad39d1fe4d3fc3a8d48cb6d94cd138e39530dd
247,,<Response [402]>,com.caserta.notizie.gratis,d5ad39d1fe4d3fc3a8d48cb6d94cd138e39530dd
248,,<Response [402]>,com.otoreport.sumcell,d5ad39d1fe4d3fc3a8d48cb6d94cd138e39530dd
249,,<Response [402]>,com.chronosstudio.MozarellaHomemadeRecipes,d5ad39d1fe4d3fc3a8d48cb6d94cd138e39530dd
250,,<Response [402]>,com.bluebeck.tileflip,d5ad39d1fe4d3fc3a8d48cb6d94cd138e39530dd
251,,<Response [402]>,com.acs.beautifuldesert.day,d5ad39d1fe4d3fc3a8d48cb6d94cd138e39530dd
252,,<Response [402]>,com.rsupport.rsperm.az.a1th,d5ad39d1fe4d3fc3a8d48cb6d94cd138e39530dd
253,,<Response [402]>,com.omniluxtrade.vegetarianrecipes,d5ad39d1fe4d3fc3a8d48cb6d94cd138e39530dd
254,,<Response [402]>,com.kilastudio.bukuresepeskrim,d5ad39d1fe4d3fc3a8d48cb6d94cd138e39530dd
255,,<Response [402]>,com.eyedeveloper.myvpnpro,d5ad39d1fe4d3fc3a8d48cb6d94cd138e39530dd
256,,<Response [402]>,com.dahliawallpapers.aidangallagher,d5ad39d1fe4d3fc3a8d48cb6d94cd138e39530dd
257,,<Response [402]>,br.com.mmtools.barao_navalha,d5ad39d1fe4d3fc3a8d48cb6d94cd138e39530dd
258,,<Response [402]>,io.leancycle.lean_time,d5ad39d1fe4d3fc3a8d48cb6d94cd138e39530dd
259,,<Response [402]>,com.PD.portsmouthradio.englandradio,d5ad39d1fe4d3fc3a8d48cb6d94cd138e39530dd
260,,<Response [402]>,eu.vanderholst.parking.visitors.license.plate,d5ad39d1fe4d3fc3a8d48cb6d94cd138e39530dd
261,,<Response [402]>,kazu.com.eyesightup,d5ad39d1fe4d3fc3a8d48cb6d94cd138e39530dd
262,,<Response [402]>,relaxing.music.nostressanxiety,d5ad39d1fe4d3fc3a8d48cb6d94cd138e39530dd
263,,<Response [402]>,com.beyondoo.SagarMultiplayer,d5ad39d1fe4d3fc3a8d48cb6d94cd138e39530dd
264,,<Response [402]>,com.khalnadj.khaledhabbachi.quranhafsstandard1,d5ad39d1fe4d3fc3a8d48cb6d94cd138e39530dd
265,,<Response [402]>,com.geosolinc.neworks,d5ad39d1fe4d3fc3a8d48cb6d94cd138e39530dd
266,,<Response [402]>,com.bigfishgames.backyardbashgoog,d5ad39d1fe4d3fc3a8d48cb6d94cd138e39530dd
267,,<Response [402]>,jp.co.idec.app.home,d5ad39d1fe4d3fc3a8d48cb6d94cd138e39530dd
268,,<Response [402]>,newwaystudiobyjefricaniago.noviadomi,d5ad39d1fe4d3fc3a8d48cb6d94cd138e39530dd
269,,<Response [402]>,project.afinal.rit.capstone_milans_app,d5ad39d1fe4d3fc3a8d48cb6d94cd138e39530dd
270,,<Response [402]>,air.PityBoyRescue,d5ad39d1fe4d3fc3a8d48cb6d94cd138e39530dd
271,,<Response [402]>,com.beamdog.baldursgateIIenhancededition,d5ad39d1fe4d3fc3a8d48cb6d94cd138e39530dd
272,,<Response [402]>,info.newsapps.asia,d5ad39d1fe4d3fc3a8d48cb6d94cd138e39530dd
273,,<Response [402]>,com.drmeas.kmtlbe,d5ad39d1fe4d3fc3a8d48cb6d94cd138e39530dd
274,,<Response [402]>,com.lauszus.balancingrobotfullsizeandroid.app,d5ad39d1fe4d3fc3a8d48cb6d94cd138e39530dd
275,,<Response [402]>,com.quran_sharif_bangla_apps.alquran_memories,d5ad39d1fe4d3fc3a8d48cb6d94cd138e39530dd
276,,<Response [402]>,com.app.kingsjerseyradio,d5ad39d1fe4d3fc3a8d48cb6d94cd138e39530dd
277,,<Response [402]>,com.tvwiz.tvguide2,d5ad39d1fe4d3fc3a8d48cb6d94cd138e39530dd
278,,<Response [402]>,com.blackboard.community.dinubausd,d5ad39d1fe4d3fc3a8d48cb6d94cd138e39530dd
279,,<Response [402]>,com.beatkong.store.fishingtab,d5ad39d1fe4d3fc3a8d48cb6d94cd138e39530dd
280,,<Response [402]>,com.appyouness.reqyasharya.kids,d5ad39d1fe4d3fc3a8d48cb6d94cd138e39530dd
281,,<Response [402]>,com.cheerfy.android,d5ad39d1fe4d3fc3a8d48cb6d94cd138e39530dd
282,,<Response [402]>,com.leonardosantanaadv,d5ad39d1fe4d3fc3a8d48cb6d94cd138e39530dd
283,,<Response [402]>,com.rzmobile.yenicedernegi,d5ad39d1fe4d3fc3a8d48cb6d94cd138e39530dd
284,,<Response [402]>,com.trainerize.fletcherfit,d5ad39d1fe4d3fc3a8d48cb6d94cd138e39530dd
285,,<Response [402]>,com.one.blendmix,d5ad39d1fe4d3fc3a8d48cb6d94cd138e39530dd
286,,<Response [402]>,net.ghaziertugrul.mendirmenshah,d5ad39d1fe4d3fc3a8d48cb6d94cd138e39530dd
287,,<Response [402]>,com.retrieversoftware.moorefamilytheatres,d5ad39d1fe4d3fc3a8d48cb6d94cd138e39530dd
288,,<Response [402]>,com.app.rottenmanor,d5ad39d1fe4d3fc3a8d48cb6d94cd138e39530dd
289,,<Response [402]>,com.davimfs7gmail.xblosion,d5ad39d1fe4d3fc3a8d48cb6d94cd138e39530dd
290,,<Response [402]>,es.activatec.pumpCalculus,d5ad39d1fe4d3fc3a8d48cb6d94cd138e39530dd
291,,<Response [402]>,com.bearbee.IndianCelebritiesEngagementandWedding,d5ad39d1fe4d3fc3a8d48cb6d94cd138e39530dd
292,,<Response [402]>,com.autoferia.app,d5ad39d1fe4d3fc3a8d48cb6d94cd138e39530dd
293,,<Response [402]>,com.appsbuilder995878,d5ad39d1fe4d3fc3a8d48cb6d94cd138e39530dd
294,,<Response [402]>,com.now.health.app,d5ad39d1fe4d3fc3a8d48cb6d94cd138e39530dd
295,,<Response [402]>,com.eryaz.umitrulman,d5ad39d1fe4d3fc3a8d48cb6d94cd138e39530dd
296,,<Response [402]>,air.com.noas.monsternoise,d5ad39d1fe4d3fc3a8d48cb6d94cd138e39530dd
297,,<Response [402]>,co.gfcorporation.gfsignal,d5ad39d1fe4d3fc3a8d48cb6d94cd138e39530dd
298,,<Response [402]>,com.scube.daystar,d5ad39d1fe4d3fc3a8d48cb6d94cd138e39530dd
299,,<Response [402]>,com.sglw.shiningglitterlivewallpaper,d5ad39d1fe4d3fc3a8d48cb6d94cd138e39530dd
300,,<Response [402]>,com.accion_canada,d5ad39d1fe4d3fc3a8d48cb6d94cd138e39530dd
301,,<Response [402]>,com.embassynationalbank.biz,d5ad39d1fe4d3fc3a8d48cb6d94cd138e39530dd
302,,<Response [402]>,stefankmitph.kint,d5ad39d1fe4d3fc3a8d48cb6d94cd138e39530dd
303,,<Response [402]>,com.w_8586718,d5ad39d1fe4d3fc3a8d48cb6d94cd138e39530dd
304,,<Response [402]>,com.laurelmercury,d5ad39d1fe4d3fc3a8d48cb6d94cd138e39530dd
305,,<Response [402]>,com.saidailyquate.suresh.saiquote,d5ad39d1fe4d3fc3a8d48cb6d94cd138e39530dd
306,,<Response [402]>,com.mag.pf,d5ad39d1fe4d3fc3a8d48cb6d94cd138e39530dd
307,,<Response [402]>,com.yassine.drawbeautifulwings,d5ad39d1fe4d3fc3a8d48cb6d94cd138e39530dd
308,,<Response [402]>,com.tawasulnu.appberkahdanbarokah.forextradingonline,d5ad39d1fe4d3fc3a8d48cb6d94cd138e39530dd
309,,<Response [402]>,com.gsoftteam.connectwaterpipes,d5ad39d1fe4d3fc3a8d48cb6d94cd138e39530dd
310,,<Response [402]>,com.steptechnovision.whatsappstatusaver,d5ad39d1fe4d3fc3a8d48cb6d94cd138e39530dd
311,,<Response [402]>,com.appybuilder.swesginting.hargasawit,d5ad39d1fe4d3fc3a8d48cb6d94cd138e39530dd
312,,<Response [402]>,com.skyill.equalizer.sound.booster.audio.control,d5ad39d1fe4d3fc3a8d48cb6d94cd138e39530dd
313,,<Response [402]>,ie.solus.DublinCityPublicLibraries,d5ad39d1fe4d3fc3a8d48cb6d94cd138e39530dd
314,,<Response [402]>,com.superappslab.mypasswords,d5ad39d1fe4d3fc3a8d48cb6d94cd138e39530dd
315,,<Response [402]>,com.dukua.sonia,d5ad39d1fe4d3fc3a8d48cb6d94cd138e39530dd
316,,<Response [402]>,love.datingpoint,d5ad39d1fe4d3fc3a8d48cb6d94cd138e39530dd
317,,<Response [402]>,com.ordersnapp.fabriziospizza,d5ad39d1fe4d3fc3a8d48cb6d94cd138e39530dd
318,,<Response [402]>,eighthgenius.mychariot.rider,d5ad39d1fe4d3fc3a8d48cb6d94cd138e39530dd
319,,<Response [402]>,com.henry.tipsdeoratoria,d5ad39d1fe4d3fc3a8d48cb6d94cd138e39530dd
320,,<Response [402]>,com.JmanProductions.WizRun,d5ad39d1fe4d3fc3a8d48cb6d94cd138e39530dd
321,,<Response [402]>,com.fi6059.godough,d5ad39d1fe4d3fc3a8d48cb6d94cd138e39530dd
322,,<Response [402]>,com.colomor.andapp,d5ad39d1fe4d3fc3a8d48cb6d94cd138e39530dd
323,,<Response [402]>,com.ho.genie,d5ad39d1fe4d3fc3a8d48cb6d94cd138e39530dd
324,,<Response [402]>,com.healthintel.mpower,d5ad39d1fe4d3fc3a8d48cb6d94cd138e39530dd
325,,<Response [402]>,com.iconnect.launcher.theme.kogumong.sky.fighting,d5ad39d1fe4d3fc3a8d48cb6d94cd138e39530dd
326,,<Response [402]>,com.ProgoGames.GravitySpaceJumper,d5ad39d1fe4d3fc3a8d48cb6d94cd138e39530dd
327,,<Response [402]>,dk.johny.loupe,d5ad39d1fe4d3fc3a8d48cb6d94cd138e39530dd
328,,<Response [402]>,com.devcarlos.fares,d5ad39d1fe4d3fc3a8d48cb6d94cd138e39530dd
329,,<Response [402]>,com.idreams.neardearvendor,d5ad39d1fe4d3fc3a8d48cb6d94cd138e39530dd
330,,<Response [402]>,com.fz172.reloadlogbook,d5ad39d1fe4d3fc3a8d48cb6d94cd138e39530dd
331,,<Response [402]>,com.we_identity.weapp,d5ad39d1fe4d3fc3a8d48cb6d94cd138e39530dd
332,,<Response [402]>,com.godsproslw.snowwolves,d5ad39d1fe4d3fc3a8d48cb6d94cd138e39530dd
333,,<Response [402]>,cv.video,d5ad39d1fe4d3fc3a8d48cb6d94cd138e39530dd
334,,<Response [402]>,com.unitedinternet.portal.android.onlinestorage.eue,d5ad39d1fe4d3fc3a8d48cb6d94cd138e39530dd
335,,<Response [402]>,com.vipcard.shecard.app,d5ad39d1fe4d3fc3a8d48cb6d94cd138e39530dd
336,,<Response [402]>,com.sticker.animatedsticker.directchat,d5ad39d1fe4d3fc3a8d48cb6d94cd138e39530dd
337,,<Response [402]>,com.galassiastudios.the.gunner.empire,d5ad39d1fe4d3fc3a8d48cb6d94cd138e39530dd
338,,<Response [402]>,com.topapp.astrolabe,d5ad39d1fe4d3fc3a8d48cb6d94cd138e39530dd
339,,<Response [402]>,com.yamuir.coloredsoldiers,d5ad39d1fe4d3fc3a8d48cb6d94cd138e39530dd
340,,<Response [402]>,com.app.myonlinebonus,d5ad39d1fe4d3fc3a8d48cb6d94cd138e39530dd
341,,<Response [402]>,co.shield.gxqoy,d5ad39d1fe4d3fc3a8d48cb6d94cd138e39530dd
342,,<Response [402]>,io.gob.cb,d5ad39d1fe4d3fc3a8d48cb6d94cd138e39530dd
343,,<Response [402]>,com.motor.impossible.motorbike.tracks.stunts,d5ad39d1fe4d3fc3a8d48cb6d94cd138e39530dd
344,,<Response [402]>,com.agnessa.agnessamini,d5ad39d1fe4d3fc3a8d48cb6d94cd138e39530dd
345,,<Response [402]>,com.knifeshot.myapp,d5ad39d1fe4d3fc3a8d48cb6d94cd138e39530dd
346,,<Response [402]>,co.alicia.jzeqe,d5ad39d1fe4d3fc3a8d48cb6d94cd138e39530dd
347,,<Response [402]>,org.ipsapps.cameroon.lmp.dictionary.limbum,d5ad39d1fe4d3fc3a8d48cb6d94cd138e39530dd
348,,<Response [402]>,abu.smacmedia.com,d5ad39d1fe4d3fc3a8d48cb6d94cd138e39530dd
349,,<Response [402]>,mobi.inthepocket.bcmc.bancontact,d5ad39d1fe4d3fc3a8d48cb6d94cd138e39530dd
350,,<Response [402]>,com.careerinstitue.zainmalik.duwa,d5ad39d1fe4d3fc3a8d48cb6d94cd138e39530dd
351,,<Response [402]>,masterMind.keenreach.com,d5ad39d1fe4d3fc3a8d48cb6d94cd138e39530dd
352,,<Response [402]>,com.opencartarab.talashoes,d5ad39d1fe4d3fc3a8d48cb6d94cd138e39530dd
353,,<Response [402]>,vn.t2dsoft.thutienphongtro,d5ad39d1fe4d3fc3a8d48cb6d94cd138e39530dd
354,,<Response [402]>,com.dotlions.screencapture,d5ad39d1fe4d3fc3a8d48cb6d94cd138e39530dd
355,,<Response [402]>,ru.myappbook.VirashOgurcSovet,d5ad39d1fe4d3fc3a8d48cb6d94cd138e39530dd
356,,<Response [402]>,com.udicorn.antiporn,d5ad39d1fe4d3fc3a8d48cb6d94cd138e39530dd
357,,<Response [402]>,com.phoenix.school,d5ad39d1fe4d3fc3a8d48cb6d94cd138e39530dd
358,,<Response [402]>,com.techzit.forestwallpapers,d5ad39d1fe4d3fc3a8d48cb6d94cd138e39530dd
359,,<Response [402]>,com.IM.lagukenangan70an,d5ad39d1fe4d3fc3a8d48cb6d94cd138e39530dd
360,,<Response [402]>,com.KevinPatel.ForestBounce,d5ad39d1fe4d3fc3a8d48cb6d94cd138e39530dd
361,,<Response [402]>,appinventor.ai_Da555nny.NYCBusStopSignLite,d5ad39d1fe4d3fc3a8d48cb6d94cd138e39530dd
362,,<Response [402]>,com.aplikasi.ujianq,d5ad39d1fe4d3fc3a8d48cb6d94cd138e39530dd
363,,<Response [402]>,com.trottawigs.com,d5ad39d1fe4d3fc3a8d48cb6d94cd138e39530dd
364,,<Response [402]>,com.unicode.unipos,d5ad39d1fe4d3fc3a8d48cb6d94cd138e39530dd
365,,<Response [402]>,sistemavitto.godelivery,d5ad39d1fe4d3fc3a8d48cb6d94cd138e39530dd
366,,<Response [402]>,edu.vit.viteee,d5ad39d1fe4d3fc3a8d48cb6d94cd138e39530dd
367,,<Response [402]>,com.zupperapp.zupperappaliado,d5ad39d1fe4d3fc3a8d48cb6d94cd138e39530dd
368,,<Response [402]>,ca.eastcoastdev.librarian,d5ad39d1fe4d3fc3a8d48cb6d94cd138e39530dd
369,,<Response [402]>,info.woodsmall.nenpi,d5ad39d1fe4d3fc3a8d48cb6d94cd138e39530dd
370,,<Response [402]>,com.webradiocast.iqrpcypxuzkc,d5ad39d1fe4d3fc3a8d48cb6d94cd138e39530dd
371,,<Response [402]>,com.culturatech.mygrowerCMAS,d5ad39d1fe4d3fc3a8d48cb6d94cd138e39530dd
372,,<Response [402]>,learningapps.firstaidsavelife,d5ad39d1fe4d3fc3a8d48cb6d94cd138e39530dd
373,,<Response [402]>,com.fm.radios.albania,d5ad39d1fe4d3fc3a8d48cb6d94cd138e39530dd
374,,<Response [402]>,com.shinetech.arabickeyboard,d5ad39d1fe4d3fc3a8d48cb6d94cd138e39530dd
375,,<Response [402]>,com.eSoft.us.EZZBOOK,d5ad39d1fe4d3fc3a8d48cb6d94cd138e39530dd
376,,<Response [402]>,sa.islam.alhamad.app.ward.almuslim,d5ad39d1fe4d3fc3a8d48cb6d94cd138e39530dd
377,,<Response [402]>,com.gpsmycity.android.u368,d5ad39d1fe4d3fc3a8d48cb6d94cd138e39530dd
378,,<Response [402]>,appinventor.ai_elieder_pascoalini.Funk_Pads,d5ad39d1fe4d3fc3a8d48cb6d94cd138e39530dd
379,,<Response [402]>,com.migastone.app.android59c296e92e0e0,d5ad39d1fe4d3fc3a8d48cb6d94cd138e39530dd
380,,<Response [402]>,finarea.Rynga,d5ad39d1fe4d3fc3a8d48cb6d94cd138e39530dd
381,,<Response [402]>,com.vet2pet.goldensbridgevcc2604,d5ad39d1fe4d3fc3a8d48cb6d94cd138e39530dd
382,,<Response [402]>,com.whiteclouds.newyearwishgallery,d5ad39d1fe4d3fc3a8d48cb6d94cd138e39530dd
383,,<Response [402]>,com.gpstrackit.gpstrackit.fsmdriver,d5ad39d1fe4d3fc3a8d48cb6d94cd138e39530dd
384,,<Response [402]>,com.photo.editors.games.anime.puzzle,d5ad39d1fe4d3fc3a8d48cb6d94cd138e39530dd
385,,<Response [402]>,gtm.gds,d5ad39d1fe4d3fc3a8d48cb6d94cd138e39530dd
386,,<Response [402]>,com.srisys.tirumala,d5ad39d1fe4d3fc3a8d48cb6d94cd138e39530dd
387,,<Response [402]>,com.delivery.bocaaBocaLanches,d5ad39d1fe4d3fc3a8d48cb6d94cd138e39530dd
388,,<Response [402]>,ncChessClub.Droid,d5ad39d1fe4d3fc3a8d48cb6d94cd138e39530dd
389,,<Response [402]>,ric.Jsho,d5ad39d1fe4d3fc3a8d48cb6d94cd138e39530dd
390,,<Response [402]>,com.rootdev.nehayetalalam,d5ad39d1fe4d3fc3a8d48cb6d94cd138e39530dd
391,,<Response [402]>,org.cocos2dx.BasementMystery,d5ad39d1fe4d3fc3a8d48cb6d94cd138e39530dd
392,,<Response [402]>,mubeen.image.dehaze_enhancer,d5ad39d1fe4d3fc3a8d48cb6d94cd138e39530dd
393,,<Response [402]>,com.rocasoftware.bitcoincurrency,d5ad39d1fe4d3fc3a8d48cb6d94cd138e39530dd
394,,<Response [402]>,com.cmmusic.radioonline,d5ad39d1fe4d3fc3a8d48cb6d94cd138e39530dd
395,,<Response [402]>,com.flowerpower.arenawars,d5ad39d1fe4d3fc3a8d48cb6d94cd138e39530dd
396,,<Response [402]>,com.Tobit.android.Slitte6383204344,d5ad39d1fe4d3fc3a8d48cb6d94cd138e39530dd
397,,<Response [402]>,com.wereturn.app,d5ad39d1fe4d3fc3a8d48cb6d94cd138e39530dd
398,,<Response [402]>,com.cricclubs.guernseycricketleagues,d5ad39d1fe4d3fc3a8d48cb6d94cd138e39530dd
399,,<Response [402]>,com.twinsmultiplayer.grannygame,d5ad39d1fe4d3fc3a8d48cb6d94cd138e39530dd
400,,<Response [402]>,com.ikeyboard.theme.blue.tech_3d,d5ad39d1fe4d3fc3a8d48cb6d94cd138e39530dd
401,,<Response [402]>,com.serinoinc.hnk,d5ad39d1fe4d3fc3a8d48cb6d94cd138e39530dd
402,,<Response [402]>,com.gomybus.android,d5ad39d1fe4d3fc3a8d48cb6d94cd138e39530dd
403,,<Response [402]>,com.tibtt.sgame.iyoulong,d5ad39d1fe4d3fc3a8d48cb6d94cd138e39530dd
404,,<Response [402]>,com.NY01913587.schoolwires.mobile,d5ad39d1fe4d3fc3a8d48cb6d94cd138e39530dd
405,,<Response [402]>,com.sunshine.melodies.romantic.sounds,d5ad39d1fe4d3fc3a8d48cb6d94cd138e39530dd
406,,<Response [402]>,com.cannislupus.newmusicplayerforall,d5ad39d1fe4d3fc3a8d48cb6d94cd138e39530dd
407,,<Response [402]>,com.wallpapershop.molidnaby,d5ad39d1fe4d3fc3a8d48cb6d94cd138e39530dd
408,,<Response [402]>,br.com.radiosapp5.radiodoseujeitobauru,d5ad39d1fe4d3fc3a8d48cb6d94cd138e39530dd
409,,<Response [402]>,com.delivery.oxBurger,d5ad39d1fe4d3fc3a8d48cb6d94cd138e39530dd
410,,<Response [402]>,com.appybuilder.rodrigorodriguesw42.test1,d5ad39d1fe4d3fc3a8d48cb6d94cd138e39530dd
411,,<Response [402]>,com.incrediblepebble.best.games,d5ad39d1fe4d3fc3a8d48cb6d94cd138e39530dd
412,,<Response [402]>,com.shex.beginnernepali,d5ad39d1fe4d3fc3a8d48cb6d94cd138e39530dd
413,,<Response [402]>,com.nicksoft.skipitgame,d5ad39d1fe4d3fc3a8d48cb6d94cd138e39530dd
414,,<Response [402]>,com.terraflopspeedapps.whatsup.status.saver,d5ad39d1fe4d3fc3a8d48cb6d94cd138e39530dd
415,,<Response [402]>,tech.alkhwarizmi.albansupplier.free,d5ad39d1fe4d3fc3a8d48cb6d94cd138e39530dd
416,,<Response [402]>,com.rebelcentricapps.GirlsShortDressOutfitSuits,d5ad39d1fe4d3fc3a8d48cb6d94cd138e39530dd
417,,<Response [402]>,olee.tech.oleetech,d5ad39d1fe4d3fc3a8d48cb6d94cd138e39530dd
418,,<Response [402]>,com.veritra.dicksfreshmarket,d5ad39d1fe4d3fc3a8d48cb6d94cd138e39530dd
419,,<Response [402]>,com.trailmaker.camino,d5ad39d1fe4d3fc3a8d48cb6d94cd138e39530dd
420,,<Response [402]>,com.project.fabricavenue,d5ad39d1fe4d3fc3a8d48cb6d94cd138e39530dd
421,,<Response [402]>,com.Prenatal.pregnancy_apps.pregnant.pregnancyexercise.workout,d5ad39d1fe4d3fc3a8d48cb6d94cd138e39530dd
422,,<Response [402]>,ru.liricsandsongs.davidguettapl,d5ad39d1fe4d3fc3a8d48cb6d94cd138e39530dd
423,,<Response [402]>,com.boskalis.Yourizon,d5ad39d1fe4d3fc3a8d48cb6d94cd138e39530dd
424,,<Response [402]>,com.monk.escoba,d5ad39d1fe4d3fc3a8d48cb6d94cd138e39530dd
425,,<Response [402]>,com.asapps.cricket.betting.kings,d5ad39d1fe4d3fc3a8d48cb6d94cd138e39530dd
426,,<Response [402]>,net.konterpulsa,d5ad39d1fe4d3fc3a8d48cb6d94cd138e39530dd
427,,<Response [402]>,com.mspe.Confec.AntonioBacci,d5ad39d1fe4d3fc3a8d48cb6d94cd138e39530dd
428,,<Response [402]>,tryhss.soundboardfinally.hsssoundboardmaybe,d5ad39d1fe4d3fc3a8d48cb6d94cd138e39530dd
429,,<Response [402]>,com.delivery.lambreta79Delivery,d5ad39d1fe4d3fc3a8d48cb6d94cd138e39530dd
430,,<Response [402]>,com.gts.android.sirmobile,d5ad39d1fe4d3fc3a8d48cb6d94cd138e39530dd
431,,<Response [402]>,com.th3professional.sas,d5ad39d1fe4d3fc3a8d48cb6d94cd138e39530dd
432,,<Response [402]>,orav.doit.droid.apps40,d5ad39d1fe4d3fc3a8d48cb6d94cd138e39530dd
433,,<Response [402]>,intime.machinelearning.leafdetect,d5ad39d1fe4d3fc3a8d48cb6d94cd138e39530dd
434,,<Response [402]>,com.myemisoracristiana.com,d5ad39d1fe4d3fc3a8d48cb6d94cd138e39530dd
435,,<Response [402]>,com.quotedaily.ElevatorServicesBusinessEchoDaily,d5ad39d1fe4d3fc3a8d48cb6d94cd138e39530dd
436,,<Response [402]>,com.dopetag.dopecash,d5ad39d1fe4d3fc3a8d48cb6d94cd138e39530dd
437,,<Response [402]>,com.vpipl.mirablefranchisee,d5ad39d1fe4d3fc3a8d48cb6d94cd138e39530dd
438,,<Response [402]>,com.bss.game.DicastDash,d5ad39d1fe4d3fc3a8d48cb6d94cd138e39530dd
439,,<Response [402]>,com.techninest.onecentcircle,d5ad39d1fe4d3fc3a8d48cb6d94cd138e39530dd
440,,<Response [402]>,com.lovepreet.gurusvachan,d5ad39d1fe4d3fc3a8d48cb6d94cd138e39530dd
441,,<Response [402]>,tedium.app.webview,d5ad39d1fe4d3fc3a8d48cb6d94cd138e39530dd
442,,<Response [402]>,com.click.keyboard.emoji.themes.free.kazakh.keyboard,d5ad39d1fe4d3fc3a8d48cb6d94cd138e39530dd
443,,<Response [402]>,com.HomemadeStudio.PaperJet,d5ad39d1fe4d3fc3a8d48cb6d94cd138e39530dd
444,,<Response [402]>,com.vss.iproviewplus,d5ad39d1fe4d3fc3a8d48cb6d94cd138e39530dd
445,,<Response [402]>,work.ashmawi.flashlight.flashlight,d5ad39d1fe4d3fc3a8d48cb6d94cd138e39530dd
446,,<Response [402]>,air.com.yudu.ReaderAIR4890747,d5ad39d1fe4d3fc3a8d48cb6d94cd138e39530dd
447,,<Response [402]>,com.currentmedia111IranNews,d5ad39d1fe4d3fc3a8d48cb6d94cd138e39530dd
448,,<Response [402]>,ar.com.acubens.altavoz,d5ad39d1fe4d3fc3a8d48cb6d94cd138e39530dd
449,,<Response [402]>,com.perfectlyhappy.meditation,d5ad39d1fe4d3fc3a8d48cb6d94cd138e39530dd
450,,<Response [402]>,com.amradiofm.thelightradiooinline.thelightradio,d5ad39d1fe4d3fc3a8d48cb6d94cd138e39530dd
451,,<Response [402]>,com.radiotool.timo.radiotool,d5ad39d1fe4d3fc3a8d48cb6d94cd138e39530dd
452,,<Response [402]>,com.andromo.dev663676.app719180,d5ad39d1fe4d3fc3a8d48cb6d94cd138e39530dd
453,,<Response [402]>,roses.etbaobab,d5ad39d1fe4d3fc3a8d48cb6d94cd138e39530dd
454,,<Response [402]>,com.mtech.vitamins,d5ad39d1fe4d3fc3a8d48cb6d94cd138e39530dd
455,,<Response [402]>,com.raonsecure.mobiletoken,d5ad39d1fe4d3fc3a8d48cb6d94cd138e39530dd
456,,<Response [402]>,com.omnixco.livecx3d,d5ad39d1fe4d3fc3a8d48cb6d94cd138e39530dd
457,,<Response [402]>,com.gamerstech.policechasecar.heavydutymonstertruck.grandcityescapeplan,d5ad39d1fe4d3fc3a8d48cb6d94cd138e39530dd
458,,<Response [402]>,com.RadioNTINantes.stationfranciafree,d5ad39d1fe4d3fc3a8d48cb6d94cd138e39530dd
459,,<Response [402]>,com.ArunD.vijaythalapathynewstickers,d5ad39d1fe4d3fc3a8d48cb6d94cd138e39530dd
460,,<Response [402]>,studio.genius.yuurei,d5ad39d1fe4d3fc3a8d48cb6d94cd138e39530dd
461,,<Response [402]>,com.MoreDragons.GaryandthePogoStick,d5ad39d1fe4d3fc3a8d48cb6d94cd138e39530dd
462,,<Response [402]>,com.etshop.geetmart,d5ad39d1fe4d3fc3a8d48cb6d94cd138e39530dd
463,,<Response [402]>,com.guidebook.apps.cfcs.android,d5ad39d1fe4d3fc3a8d48cb6d94cd138e39530dd
464,,<Response [402]>,com.letspicture.selfiewithnuest,d5ad39d1fe4d3fc3a8d48cb6d94cd138e39530dd
465,,<Response [402]>,com.radiomegafm,d5ad39d1fe4d3fc3a8d48cb6d94cd138e39530dd
466,,<Response [402]>,com.nummolt.conic.anamorphosis.cameras,d5ad39d1fe4d3fc3a8d48cb6d94cd138e39530dd
467,,<Response [402]>,com.wsy.google.wansuiye.br,d5ad39d1fe4d3fc3a8d48cb6d94cd138e39530dd
468,,<Response [402]>,com.thunkable.android.towhaerts.tbmblchildren,d5ad39d1fe4d3fc3a8d48cb6d94cd138e39530dd
469,,<Response [402]>,com.devmoha.aswat_modhika,d5ad39d1fe4d3fc3a8d48cb6d94cd138e39530dd
470,,<Response [402]>,dk.michellekristensen.mkuniverset,d5ad39d1fe4d3fc3a8d48cb6d94cd138e39530dd
471,,<Response [402]>,com.softeq.roday,d5ad39d1fe4d3fc3a8d48cb6d94cd138e39530dd
472,,<Response [402]>,com.kadersapp_yasin_ar_rahman_ayatul_kursi,d5ad39d1fe4d3fc3a8d48cb6d94cd138e39530dd
473,,<Response [402]>,pack.thepurpledog,d5ad39d1fe4d3fc3a8d48cb6d94cd138e39530dd
474,,<Response [402]>,com.hg.deadlydesertfree,d5ad39d1fe4d3fc3a8d48cb6d94cd138e39530dd
475,,<Response [402]>,com.antspace.stickers.series,d5ad39d1fe4d3fc3a8d48cb6d94cd138e39530dd
476,,<Response [402]>,com.takea.createbeautifulphotosbaesuzy,d5ad39d1fe4d3fc3a8d48cb6d94cd138e39530dd
477,,<Response [402]>,com.mocelab.concentrinocalcio,d5ad39d1fe4d3fc3a8d48cb6d94cd138e39530dd
478,,<Response [402]>,greener.adventurebrazil.com,d5ad39d1fe4d3fc3a8d48cb6d94cd138e39530dd
479,,<Response [402]>,net.radio.master,d5ad39d1fe4d3fc3a8d48cb6d94cd138e39530dd
480,,<Response [402]>,com.medicos.app,d5ad39d1fe4d3fc3a8d48cb6d94cd138e39530dd
481,,<Response [402]>,vn.nahu.caudoi,d5ad39d1fe4d3fc3a8d48cb6d94cd138e39530dd
482,,<Response [402]>,com.avertinone,d5ad39d1fe4d3fc3a8d48cb6d94cd138e39530dd
483,,<Response [402]>,com.paylease.resident,d5ad39d1fe4d3fc3a8d48cb6d94cd138e39530dd
484,,<Response [402]>,com.lamega.clasica,d5ad39d1fe4d3fc3a8d48cb6d94cd138e39530dd
485,,<Response [402]>,com.gestcarts.driver,d5ad39d1fe4d3fc3a8d48cb6d94cd138e39530dd
486,,<Response [402]>,com.taxiecologic.app,d5ad39d1fe4d3fc3a8d48cb6d94cd138e39530dd
487,,<Response [402]>,com.ezbz.zamir,d5ad39d1fe4d3fc3a8d48cb6d94cd138e39530dd
488,,<Response [402]>,com.sdr_labs.KanbanBoards,d5ad39d1fe4d3fc3a8d48cb6d94cd138e39530dd
489,,<Response [402]>,com.career.app.user,d5ad39d1fe4d3fc3a8d48cb6d94cd138e39530dd
490,,<Response [402]>,com.shala.starter,d5ad39d1fe4d3fc3a8d48cb6d94cd138e39530dd
491,,<Response [402]>,com.exrp.skchcart,d5ad39d1fe4d3fc3a8d48cb6d94cd138e39530dd
492,,<Response [402]>,com.king.video.callerid,d5ad39d1fe4d3fc3a8d48cb6d94cd138e39530dd
493,,<Response [402]>,com.game.speed.boat.riging.venice.city,d5ad39d1fe4d3fc3a8d48cb6d94cd138e39530dd
494,,<Response [402]>,se.river.BatteriJakten,d5ad39d1fe4d3fc3a8d48cb6d94cd138e39530dd
495,,<Response [402]>,com.justtrainingvictor.justtrainingvictor,d5ad39d1fe4d3fc3a8d48cb6d94cd138e39530dd
496,,<Response [402]>,com.benbean.waterjotter,d5ad39d1fe4d3fc3a8d48cb6d94cd138e39530dd
497,,<Response [402]>,take.a.conductores.conductor,d5ad39d1fe4d3fc3a8d48cb6d94cd138e39530dd
498,,<Response [402]>,com.pampadev.u8plus,d5ad39d1fe4d3fc3a8d48cb6d94cd138e39530dd
499,,<Response [402]>,com.joy4touch.toytankvstank,d5ad39d1fe4d3fc3a8d48cb6d94cd138e39530dd
500,,<Response [402]>,com.livebox.worldsmarttv,d5ad39d1fe4d3fc3a8d48cb6d94cd138e39530dd
501,,<Response [402]>,com.appsvolta.quotesbystevejobs,d5ad39d1fe4d3fc3a8d48cb6d94cd138e39530dd
502,,<Response [402]>,net.hungerbuster.lotto2,d5ad39d1fe4d3fc3a8d48cb6d94cd138e39530dd
503,,<Response [402]>,com.progressiveinteractive.scantech,d5ad39d1fe4d3fc3a8d48cb6d94cd138e39530dd
504,,<Response [402]>,kemco.zt,d5ad39d1fe4d3fc3a8d48cb6d94cd138e39530dd
505,,<Response [402]>,uk.co.omnifi.orderbee.dashboard.iorder.sunmore,d5ad39d1fe4d3fc3a8d48cb6d94cd138e39530dd
506,,<Response [402]>,com.nagopy.android.downloadconfirm,d5ad39d1fe4d3fc3a8d48cb6d94cd138e39530dd
507,,<Response [402]>,com.thedivinator.thedivinator,d5ad39d1fe4d3fc3a8d48cb6d94cd138e39530dd
508,,<Response [402]>,com.makeshop.powerapp.eycho190,d5ad39d1fe4d3fc3a8d48cb6d94cd138e39530dd
509,,<Response [402]>,in.photomall.app.avcreatsphotography,d5ad39d1fe4d3fc3a8d48cb6d94cd138e39530dd
510,,<Response [402]>,com.kiriril.OrangeKittenHDThemesWallpapers,d5ad39d1fe4d3fc3a8d48cb6d94cd138e39530dd
511,,<Response [402]>,com.saiframe.india,d5ad39d1fe4d3fc3a8d48cb6d94cd138e39530dd
512,,<Response [402]>,com.baron.syougiarrangementgamerecord,d5ad39d1fe4d3fc3a8d48cb6d94cd138e39530dd
513,,<Response [402]>,com.seawalldigital.squarebreath,d5ad39d1fe4d3fc3a8d48cb6d94cd138e39530dd
514,,<Response [402]>,com.feednovels.booksnovel,d5ad39d1fe4d3fc3a8d48cb6d94cd138e39530dd
515,,<Response [402]>,com.foodsafetycts.l6men,d5ad39d1fe4d3fc3a8d48cb6d94cd138e39530dd
516,,<Response [402]>,com.aswdc_ieltsscoreconversion,d5ad39d1fe4d3fc3a8d48cb6d94cd138e39530dd
517,,<Response [402]>,com.jymstudio.wcub980.classic.country.radio,d5ad39d1fe4d3fc3a8d48cb6d94cd138e39530dd
518,,<Response [402]>,com.osgor.aufredog,d5ad39d1fe4d3fc3a8d48cb6d94cd138e39530dd
519,,<Response [402]>,com.trainerize.dtiathletics,d5ad39d1fe4d3fc3a8d48cb6d94cd138e39530dd
520,,<Response [402]>,net.media.tjtronik,d5ad39d1fe4d3fc3a8d48cb6d94cd138e39530dd
521,,<Response [402]>,com.ringringx.beyoncepopmusic,d5ad39d1fe4d3fc3a8d48cb6d94cd138e39530dd
522,,<Response [402]>,radio.nova.mensagem.app,d5ad39d1fe4d3fc3a8d48cb6d94cd138e39530dd
523,,<Response [402]>,net.cityhive.store.valswine,d5ad39d1fe4d3fc3a8d48cb6d94cd138e39530dd
524,,<Response [402]>,com.kolosebo.beautifulbirthdaycakedesign,d5ad39d1fe4d3fc3a8d48cb6d94cd138e39530dd
525,,<Response [402]>,com.welyb.mp_expertise,d5ad39d1fe4d3fc3a8d48cb6d94cd138e39530dd
526,,<Response [402]>,com.skh.skhleap,d5ad39d1fe4d3fc3a8d48cb6d94cd138e39530dd
527,,<Response [402]>,com.pedidoe,d5ad39d1fe4d3fc3a8d48cb6d94cd138e39530dd
528,,<Response [402]>,orav.doit.droid.apps77,d5ad39d1fe4d3fc3a8d48cb6d94cd138e39530dd
529,,<Response [402]>,com.my.rifai,d5ad39d1fe4d3fc3a8d48cb6d94cd138e39530dd
530,,<Response [402]>,com.andromo.dev137436.app258850,d5ad39d1fe4d3fc3a8d48cb6d94cd138e39530dd
531,,<Response [402]>,quiz.bee.exami.myapplication,d5ad39d1fe4d3fc3a8d48cb6d94cd138e39530dd
532,,<Response [402]>,com.app_250e.layout,d5ad39d1fe4d3fc3a8d48cb6d94cd138e39530dd
533,,<Response [402]>,com.kakao.talk.theme.GUE_Saturn,d5ad39d1fe4d3fc3a8d48cb6d94cd138e39530dd
534,,<Response [402]>,com.rrc.studylog.studylog,d5ad39d1fe4d3fc3a8d48cb6d94cd138e39530dd
535,,<Response [402]>,eton.school.vazraacademy,d5ad39d1fe4d3fc3a8d48cb6d94cd138e39530dd
536,,<Response [402]>,com.moonbbs.android,d5ad39d1fe4d3fc3a8d48cb6d94cd138e39530dd
537,,<Response [402]>,com.meits.mkasales,d5ad39d1fe4d3fc3a8d48cb6d94cd138e39530dd
538,,<Response [402]>,com.signalstart.forex,d5ad39d1fe4d3fc3a8d48cb6d94cd138e39530dd
539,,<Response [402]>,com.apptegy.newvisio,d5ad39d1fe4d3fc3a8d48cb6d94cd138e39530dd
540,,<Response [402]>,com.quickmobile.JahrestagungArbeitsrecht2019,d5ad39d1fe4d3fc3a8d48cb6d94cd138e39530dd
541,,<Response [402]>,com.bowenbodyremedies,d5ad39d1fe4d3fc3a8d48cb6d94cd138e39530dd
542,,<Response [402]>,com.andromo.dev623844.app779605,d5ad39d1fe4d3fc3a8d48cb6d94cd138e39530dd
543,,<Response [402]>,com.yallaya.eventosqr,d5ad39d1fe4d3fc3a8d48cb6d94cd138e39530dd
544,,<Response [402]>,com.fitnessmobileapps.thefoundryaz,d5ad39d1fe4d3fc3a8d48cb6d94cd138e39530dd
545,,<Response [402]>,com.rentigo.greens,d5ad39d1fe4d3fc3a8d48cb6d94cd138e39530dd
546,,<Response [402]>,com.fakevideocalldinosaurus.Jurassic_video_call,d5ad39d1fe4d3fc3a8d48cb6d94cd138e39530dd
547,,<Response [402]>,gnu.gpsqiblat.android,d5ad39d1fe4d3fc3a8d48cb6d94cd138e39530dd
548,,<Response [402]>,trak.codes.androidadmin,d5ad39d1fe4d3fc3a8d48cb6d94cd138e39530dd
549,,<Response [402]>,com.qanjerumbi.wallpapershabbychic,d5ad39d1fe4d3fc3a8d48cb6d94cd138e39530dd
550,,<Response [402]>,com.MiksiCorp.GuessHat,d5ad39d1fe4d3fc3a8d48cb6d94cd138e39530dd
551,,<Response [402]>,cesar.radio,d5ad39d1fe4d3fc3a8d48cb6d94cd138e39530dd
552,,<Response [402]>,com.seconds.bets,d5ad39d1fe4d3fc3a8d48cb6d94cd138e39530dd
553,,<Response [402]>,io.ionic.prog5fbfa908dac83566e55e6a4c,d5ad39d1fe4d3fc3a8d48cb6d94cd138e39530dd
554,,<Response [402]>,com.thunkable.android.thaithia.caption,d5ad39d1fe4d3fc3a8d48cb6d94cd138e39530dd
555,,<Response [402]>,kiviicreative.callwild.jacklondon,d5ad39d1fe4d3fc3a8d48cb6d94cd138e39530dd
556,,<Response [402]>,in.softecks.selfconfidence,d5ad39d1fe4d3fc3a8d48cb6d94cd138e39530dd
557,,<Response [402]>,com.ceydigital.burugahamu,d5ad39d1fe4d3fc3a8d48cb6d94cd138e39530dd
558,,<Response [402]>,com.imasr.el3abkary,d5ad39d1fe4d3fc3a8d48cb6d94cd138e39530dd
559,,<Response [402]>,com.skttech.oyechat,d5ad39d1fe4d3fc3a8d48cb6d94cd138e39530dd
560,,<Response [402]>,com.bookaz.scarystories2021,d5ad39d1fe4d3fc3a8d48cb6d94cd138e39530dd
561,,<Response [402]>,com.creativsradio.drumandbassradio,d5ad39d1fe4d3fc3a8d48cb6d94cd138e39530dd
562,,<Response [402]>,com.battlewits.prepare_for_UPSC,d5ad39d1fe4d3fc3a8d48cb6d94cd138e39530dd
563,,<Response [402]>,com.cinotech.acmethread,d5ad39d1fe4d3fc3a8d48cb6d94cd138e39530dd
564,,<Response [402]>,com.blackboard.community.fortschools,d5ad39d1fe4d3fc3a8d48cb6d94cd138e39530dd
565,,<Response [402]>,id.compro.hwcollection,d5ad39d1fe4d3fc3a8d48cb6d94cd138e39530dd
566,,<Response [402]>,com.virtualizar.tanixar,d5ad39d1fe4d3fc3a8d48cb6d94cd138e39530dd
567,,<Response [402]>,sky.Indian.army.status.armystatus.newindianarmystatus,d5ad39d1fe4d3fc3a8d48cb6d94cd138e39530dd
568,,<Response [402]>,com.medsina.doctor_tr1,d5ad39d1fe4d3fc3a8d48cb6d94cd138e39530dd
569,,<Response [402]>,com.zewa.myhealthconnected,d5ad39d1fe4d3fc3a8d48cb6d94cd138e39530dd
570,,<Response [402]>,com.tts.android.tts,d5ad39d1fe4d3fc3a8d48cb6d94cd138e39530dd
571,,<Response [402]>,air.mjpazzle,d5ad39d1fe4d3fc3a8d48cb6d94cd138e39530dd
572,,<Response [402]>,com.matgaree.napp,d5ad39d1fe4d3fc3a8d48cb6d94cd138e39530dd
573,,<Response [402]>,com.sadchillat.chilatdossari3anilkhaitr,d5ad39d1fe4d3fc3a8d48cb6d94cd138e39530dd
574,,<Response [402]>,dimstudios.makiag,d5ad39d1fe4d3fc3a8d48cb6d94cd138e39530dd
575,,<Response [402]>,com.ifs.banking.fiid1060,d5ad39d1fe4d3fc3a8d48cb6d94cd138e39530dd
576,,<Response [402]>,com.EasyHairstyles.devoscar.app,d5ad39d1fe4d3fc3a8d48cb6d94cd138e39530dd
577,,<Response [402]>,com.aplicacion.lassye,d5ad39d1fe4d3fc3a8d48cb6d94cd138e39530dd
578,,<Response [402]>,pantherlogistic.com,d5ad39d1fe4d3fc3a8d48cb6d94cd138e39530dd
579,,<Response [402]>,org.contentarcade.apps.healthysnacks,d5ad39d1fe4d3fc3a8d48cb6d94cd138e39530dd
580,,<Response [402]>,com.dimond.songs.ikhits,d5ad39d1fe4d3fc3a8d48cb6d94cd138e39530dd
581,,<Response [402]>,cn.museedu.biblefrench,d5ad39d1fe4d3fc3a8d48cb6d94cd138e39530dd
582,,<Response [402]>,com.ertech.daynote,d5ad39d1fe4d3fc3a8d48cb6d94cd138e39530dd
583,,<Response [402]>,com.coachcare.healthytransformationreactnative,d5ad39d1fe4d3fc3a8d48cb6d94cd138e39530dd
584,,<Response [402]>,barzell.russquind,d5ad39d1fe4d3fc3a8d48cb6d94cd138e39530dd
585,,<Response [402]>,com.mrzapps.recetaspaellas,d5ad39d1fe4d3fc3a8d48cb6d94cd138e39530dd
586,,<Response [402]>,com.classmobi.jyotividyalay634,d5ad39d1fe4d3fc3a8d48cb6d94cd138e39530dd
587,,<Response [402]>,com.AntimProduct.ChefNation,d5ad39d1fe4d3fc3a8d48cb6d94cd138e39530dd
588,,<Response [402]>,co.shield.kwteq,d5ad39d1fe4d3fc3a8d48cb6d94cd138e39530dd
589,,<Response [402]>,com.tranquil.abfinancialsolutions,d5ad39d1fe4d3fc3a8d48cb6d94cd138e39530dd
590,,<Response [402]>,net.wifibible.hindi,d5ad39d1fe4d3fc3a8d48cb6d94cd138e39530dd
591,,<Response [402]>,in.abhisheknair.bmicalculator,d5ad39d1fe4d3fc3a8d48cb6d94cd138e39530dd
592,,<Response [402]>,net.webpatient.MyVitalSigns,d5ad39d1fe4d3fc3a8d48cb6d94cd138e39530dd
593,,<Response [402]>,com.fireplusteam.crushbuns,d5ad39d1fe4d3fc3a8d48cb6d94cd138e39530dd
594,,<Response [402]>,com.best_apps.mohammedelshehi,d5ad39d1fe4d3fc3a8d48cb6d94cd138e39530dd
595,,<Response [402]>,com.reiser.protest,d5ad39d1fe4d3fc3a8d48cb6d94cd138e39530dd
596,,<Response [402]>,com.samebits.planner.photo,d5ad39d1fe4d3fc3a8d48cb6d94cd138e39530dd
597,,<Response [402]>,com.scentsandfashion,d5ad39d1fe4d3fc3a8d48cb6d94cd138e39530dd
598,,<Response [402]>,com.bymirza.net.aveo,d5ad39d1fe4d3fc3a8d48cb6d94cd138e39530dd
599,,<Response [402]>,com.tradinos.doctorontime,d5ad39d1fe4d3fc3a8d48cb6d94cd138e39530dd
600,,<Response [402]>,com.fitnessmobileapps.firehousefitness,d5ad39d1fe4d3fc3a8d48cb6d94cd138e39530dd
601,,<Response [402]>,com.tsiemens.bridgescore,d5ad39d1fe4d3fc3a8d48cb6d94cd138e39530dd
602,,<Response [402]>,com.jtvm.fpmozrecenzijeprofesora,d5ad39d1fe4d3fc3a8d48cb6d94cd138e39530dd
603,,<Response [402]>,com.krrida.crossword,d5ad39d1fe4d3fc3a8d48cb6d94cd138e39530dd
604,,<Response [402]>,com.daveskutz.myapp.dk,d5ad39d1fe4d3fc3a8d48cb6d94cd138e39530dd
605,,<Response [402]>,com.myyproje.ConcentrationBurst,d5ad39d1fe4d3fc3a8d48cb6d94cd138e39530dd
606,,<Response [402]>,craft.gravestone.master,d5ad39d1fe4d3fc3a8d48cb6d94cd138e39530dd
607,,<Response [402]>,br.com.casaopen.sportplace.kolnnews,d5ad39d1fe4d3fc3a8d48cb6d94cd138e39530dd
608,,<Response [402]>,com.aarishapps.khezanaagyi.atifanwar,d5ad39d1fe4d3fc3a8d48cb6d94cd138e39530dd
609,,<Response [402]>,com.prowallpapers.MitsubishiWallpapers.images.picture,d5ad39d1fe4d3fc3a8d48cb6d94cd138e39530dd
610,,<Response [402]>,land.dict.tdhuiw1.free,d5ad39d1fe4d3fc3a8d48cb6d94cd138e39530dd
611,,<Response [402]>,ru.webvo.book.AOTNTDJLAUHMLMUS,d5ad39d1fe4d3fc3a8d48cb6d94cd138e39530dd
612,,<Response [402]>,com.homeapps.leomessikeyboard,d5ad39d1fe4d3fc3a8d48cb6d94cd138e39530dd
613,,<Response [402]>,nishikantpadave.gurucharitra,d5ad39d1fe4d3fc3a8d48cb6d94cd138e39530dd
614,,<Response [402]>,com.companyname.bmi_reroma,d5ad39d1fe4d3fc3a8d48cb6d94cd138e39530dd
615,,<Response [402]>,com.PuzzleSpace.HiddenRoomGame,d5ad39d1fe4d3fc3a8d48cb6d94cd138e39530dd
616,,<Response [402]>,com.remal.rasbras,d5ad39d1fe4d3fc3a8d48cb6d94cd138e39530dd
617,,<Response [402]>,com.sumsf.dalevida,d5ad39d1fe4d3fc3a8d48cb6d94cd138e39530dd
618,,<Response [402]>,online.nmvs.NMVS_Online,d5ad39d1fe4d3fc3a8d48cb6d94cd138e39530dd
619,,<Response [402]>,com.brommko.android.prodajem,d5ad39d1fe4d3fc3a8d48cb6d94cd138e39530dd
620,,<Response [402]>,com.greystar.solana,d5ad39d1fe4d3fc3a8d48cb6d94cd138e39530dd
621,,<Response [402]>,kr.co.grabelhoteljeju,d5ad39d1fe4d3fc3a8d48cb6d94cd138e39530dd
622,,<Response [402]>,tk.shaot.nosafot,d5ad39d1fe4d3fc3a8d48cb6d94cd138e39530dd
623,,<Response [402]>,com.GlamorousPhotoFrames.PhotoEditor,d5ad39d1fe4d3fc3a8d48cb6d94cd138e39530dd
624,,<Response [402]>,com.kk.handsanitizer,d5ad39d1fe4d3fc3a8d48cb6d94cd138e39530dd
625,,<Response [402]>,com.GameZone.Hindi_Shayari,d5ad39d1fe4d3fc3a8d48cb6d94cd138e39530dd
626,,<Response [402]>,cat.enricmas.saloualmobil,d5ad39d1fe4d3fc3a8d48cb6d94cd138e39530dd
627,,<Response [402]>,com.takoua2019.KoktalTounsi,d5ad39d1fe4d3fc3a8d48cb6d94cd138e39530dd
628,,<Response [402]>,com.applause.utestqa,d5ad39d1fe4d3fc3a8d48cb6d94cd138e39530dd
629,,<Response [402]>,com.RaptorTech4.YourChoice,d5ad39d1fe4d3fc3a8d48cb6d94cd138e39530dd
630,,<Response [402]>,air.AppPorFinEsViernes,d5ad39d1fe4d3fc3a8d48cb6d94cd138e39530dd
631,,<Response [402]>,com.artphotosolution.heavenphotoframe,d5ad39d1fe4d3fc3a8d48cb6d94cd138e39530dd
632,,<Response [402]>,games.puzzle.ammr,d5ad39d1fe4d3fc3a8d48cb6d94cd138e39530dd
633,,<Response [402]>,com.alford.leasemiles,d5ad39d1fe4d3fc3a8d48cb6d94cd138e39530dd
634,,<Response [402]>,com.virtualXdesign.egizio,d5ad39d1fe4d3fc3a8d48cb6d94cd138e39530dd
635,,<Response [402]>,com.tukanajans.billymayssoundboard,d5ad39d1fe4d3fc3a8d48cb6d94cd138e39530dd
636,,<Response [402]>,com.renfroesmarket,d5ad39d1fe4d3fc3a8d48cb6d94cd138e39530dd
637,,<Response [402]>,com.nobexinc.wls_18084990.rc,d5ad39d1fe4d3fc3a8d48cb6d94cd138e39530dd
638,,<Response [402]>,com.monthlything.aos,d5ad39d1fe4d3fc3a8d48cb6d94cd138e39530dd
639,,<Response [402]>,com.TheGreeters.Greeter,d5ad39d1fe4d3fc3a8d48cb6d94cd138e39530dd
640,,<Response [402]>,com.aarishapps.kayabkajadaimainkaroon.komalahmed,d5ad39d1fe4d3fc3a8d48cb6d94cd138e39530dd
641,,<Response [402]>,com.passencia.RadioSun,d5ad39d1fe4d3fc3a8d48cb6d94cd138e39530dd
642,,<Response [402]>,ua.com.iit.sc2,d5ad39d1fe4d3fc3a8d48cb6d94cd138e39530dd
643,,<Response [402]>,ru.drom.pdd.android.app,d5ad39d1fe4d3fc3a8d48cb6d94cd138e39530dd
644,,<Response [402]>,captain.sda,d5ad39d1fe4d3fc3a8d48cb6d94cd138e39530dd
645,,<Response [402]>,com.fullfat.android.agentdash,d5ad39d1fe4d3fc3a8d48cb6d94cd138e39530dd
646,,<Response [402]>,com.sc.diamond.kingdom,d5ad39d1fe4d3fc3a8d48cb6d94cd138e39530dd
647,,<Response [402]>,dateme_now.textmeinc.textme_now.text,d5ad39d1fe4d3fc3a8d48cb6d94cd138e39530dd
648,,<Response [402]>,radio.bhavans,d5ad39d1fe4d3fc3a8d48cb6d94cd138e39530dd
649,,<Response [402]>,com.trainerize.biggirlsmove,d5ad39d1fe4d3fc3a8d48cb6d94cd138e39530dd
650,,<Response [402]>,comhome.wix.azatserzhan.javamanualsix,d5ad39d1fe4d3fc3a8d48cb6d94cd138e39530dd
651,,<Response [402]>,com.ixelgames.basket_slam_dunk,d5ad39d1fe4d3fc3a8d48cb6d94cd138e39530dd
652,,<Response [402]>,au.com.infomedia.netlube.au.total,d5ad39d1fe4d3fc3a8d48cb6d94cd138e39530dd
653,,<Response [402]>,com.bhappdevelopment.westcoastfitness,d5ad39d1fe4d3fc3a8d48cb6d94cd138e39530dd
654,,<Response [402]>,ca.brksl.all.alfd,d5ad39d1fe4d3fc3a8d48cb6d94cd138e39530dd
655,,<Response [402]>,tr.gov.eba.egitimtakvimi,d5ad39d1fe4d3fc3a8d48cb6d94cd138e39530dd
656,,<Response [402]>,com.newandromo.dev188254.app733434,d5ad39d1fe4d3fc3a8d48cb6d94cd138e39530dd
657,,<Response [402]>,fabayazlim.com.aofcikmissorular,d5ad39d1fe4d3fc3a8d48cb6d94cd138e39530dd
658,,<Response [402]>,com.www.firstshaddi,d5ad39d1fe4d3fc3a8d48cb6d94cd138e39530dd
659,,<Response [402]>,com.real.mirror.android,d5ad39d1fe4d3fc3a8d48cb6d94cd138e39530dd
660,,<Response [402]>,com.misaravena.starter,d5ad39d1fe4d3fc3a8d48cb6d94cd138e39530dd
661,,<Response [402]>,com.ingrails.paramountboardinghighschool,d5ad39d1fe4d3fc3a8d48cb6d94cd138e39530dd
662,,<Response [402]>,swmr.dominica.pro,d5ad39d1fe4d3fc3a8d48cb6d94cd138e39530dd
663,,<Response [402]>,com.tezcabyte.wallpapershd,d5ad39d1fe4d3fc3a8d48cb6d94cd138e39530dd
664,,<Response [402]>,com.beloopsapps.whiterumpedshama.sounds.ringtones.shamasounds,d5ad39d1fe4d3fc3a8d48cb6d94cd138e39530dd
665,,<Response [402]>,jha.iching,d5ad39d1fe4d3fc3a8d48cb6d94cd138e39530dd
666,,<Response [402]>,com.Electrohelper.PuzzleForKids,d5ad39d1fe4d3fc3a8d48cb6d94cd138e39530dd
667,,<Response [402]>,com.immortalrulesbook.reading,d5ad39d1fe4d3fc3a8d48cb6d94cd138e39530dd
668,,<Response [402]>,com.love.ly.hdwallpaper.guide.backgrounds,d5ad39d1fe4d3fc3a8d48cb6d94cd138e39530dd
669,,<Response [402]>,com.mau.ibaloot,d5ad39d1fe4d3fc3a8d48cb6d94cd138e39530dd
670,,<Response [402]>,com.plixapp.radiom,d5ad39d1fe4d3fc3a8d48cb6d94cd138e39530dd
671,,<Response [402]>,com.neevlabs.connect2mydoctorpatientelite,d5ad39d1fe4d3fc3a8d48cb6d94cd138e39530dd
672,,<Response [402]>,com.allinonevideo.editnowfree,d5ad39d1fe4d3fc3a8d48cb6d94cd138e39530dd
673,,<Response [402]>,com.ZhafiraHumaira.koenigsegg.KoenigseggWallpaper,d5ad39d1fe4d3fc3a8d48cb6d94cd138e39530dd
674,,<Response [402]>,com.icooling.healthys,d5ad39d1fe4d3fc3a8d48cb6d94cd138e39530dd
675,,<Response [402]>,com.auribises.dhcba,d5ad39d1fe4d3fc3a8d48cb6d94cd138e39530dd
676,,<Response [402]>,in.bsnl.bsnlvrs,d5ad39d1fe4d3fc3a8d48cb6d94cd138e39530dd
677,,<Response [402]>,one.clock.alarmclock,d5ad39d1fe4d3fc3a8d48cb6d94cd138e39530dd
678,,<Response [402]>,com.chownow.theranchersclub,d5ad39d1fe4d3fc3a8d48cb6d94cd138e39530dd
679,,<Response [402]>,com.subsplashconsulting.s_S34BPD,d5ad39d1fe4d3fc3a8d48cb6d94cd138e39530dd
680,,<Response [402]>,com.intechhost.lighterkhmer,d5ad39d1fe4d3fc3a8d48cb6d94cd138e39530dd
681,,<Response [402]>,alcaontelecom.com,d5ad39d1fe4d3fc3a8d48cb6d94cd138e39530dd
682,,<Response [402]>,com.atlasnetworks.tv.platform,d5ad39d1fe4d3fc3a8d48cb6d94cd138e39530dd
683,,<Response [402]>,com.justicetechnologygroup.saturdaysaints,d5ad39d1fe4d3fc3a8d48cb6d94cd138e39530dd
684,,<Response [402]>,com.andrewigames.find.the.difference,d5ad39d1fe4d3fc3a8d48cb6d94cd138e39530dd
685,,<Response [402]>,com.MJ.Kids.Fashion.Photo.Montage,d5ad39d1fe4d3fc3a8d48cb6d94cd138e39530dd
686,,<Response [402]>,de.micmun.android.deufeitage,d5ad39d1fe4d3fc3a8d48cb6d94cd138e39530dd
687,,<Response [402]>,com.intouchmobile.cityhigh,d5ad39d1fe4d3fc3a8d48cb6d94cd138e39530dd
688,,<Response [402]>,com.umasoftware.nmiteacher,d5ad39d1fe4d3fc3a8d48cb6d94cd138e39530dd
689,,<Response [402]>,com.ifs.banking.fiid3008,d5ad39d1fe4d3fc3a8d48cb6d94cd138e39530dd
690,,<Response [402]>,com.streamline,d5ad39d1fe4d3fc3a8d48cb6d94cd138e39530dd
691,,<Response [402]>,com.taand.app,d5ad39d1fe4d3fc3a8d48cb6d94cd138e39530dd
692,,<Response [402]>,com.anysoftkeyboard.languagepack.sardinian,d5ad39d1fe4d3fc3a8d48cb6d94cd138e39530dd
693,,<Response [402]>,com.horseboxsoftware.HAM,d5ad39d1fe4d3fc3a8d48cb6d94cd138e39530dd
694,,<Response [402]>,com.premier.brkth19,d5ad39d1fe4d3fc3a8d48cb6d94cd138e39530dd
695,,<Response [402]>,com.OsborxInformationTechnologyService.EnrichEnglish2,d5ad39d1fe4d3fc3a8d48cb6d94cd138e39530dd
696,,<Response [402]>,com.sisalril.app_movil,d5ad39d1fe4d3fc3a8d48cb6d94cd138e39530dd
697,,<Response [402]>,com.upmenu.ferroEFarina,d5ad39d1fe4d3fc3a8d48cb6d94cd138e39530dd
698,,<Response [402]>,com.minecraft.modskins.amongus,d5ad39d1fe4d3fc3a8d48cb6d94cd138e39530dd
699,,<Response [402]>,com.rambabusaravanan.quickbit,d5ad39d1fe4d3fc3a8d48cb6d94cd138e39530dd
700,,<Response [402]>,company.brother.reversevideo,d5ad39d1fe4d3fc3a8d48cb6d94cd138e39530dd
701,,<Response [402]>,jp.flipout.kanjichimei,d5ad39d1fe4d3fc3a8d48cb6d94cd138e39530dd
702,,<Response [402]>,net.fashiondollinc.android_dollsleepoverparty,d5ad39d1fe4d3fc3a8d48cb6d94cd138e39530dd
703,,<Response [402]>,com.mfayed.flowerswallpaper,d5ad39d1fe4d3fc3a8d48cb6d94cd138e39530dd
704,,<Response [402]>,jp.sub.takelab.twitmorus,d5ad39d1fe4d3fc3a8d48cb6d94cd138e39530dd
705,,<Response [402]>,in.youthexpress.youthexpress,d5ad39d1fe4d3fc3a8d48cb6d94cd138e39530dd
706,,<Response [402]>,com.bounceback.yogainmarathi,d5ad39d1fe4d3fc3a8d48cb6d94cd138e39530dd
707,,<Response [402]>,org.tenkyu.twa.speaking24,d5ad39d1fe4d3fc3a8d48cb6d94cd138e39530dd
708,,<Response [402]>,com.imabuilder.v3.hostingfree.ratibalhaddad,d5ad39d1fe4d3fc3a8d48cb6d94cd138e39530dd
709,,<Response [402]>,com.myradio.android.indonesia,d5ad39d1fe4d3fc3a8d48cb6d94cd138e39530dd
710,,<Response [402]>,com.malvo.carousel,d5ad39d1fe4d3fc3a8d48cb6d94cd138e39530dd
711,,<Response [402]>,com.leanfeast.leanfeast,d5ad39d1fe4d3fc3a8d48cb6d94cd138e39530dd
712,,<Response [402]>,com.oogwaygames.bendy.mod.addon.mcpe.minecraft,d5ad39d1fe4d3fc3a8d48cb6d94cd138e39530dd
713,,<Response [402]>,br.com.delotech.truco2018,d5ad39d1fe4d3fc3a8d48cb6d94cd138e39530dd
714,,<Response [402]>,com.oramstudio.nightphotoframes,d5ad39d1fe4d3fc3a8d48cb6d94cd138e39530dd
715,,<Response [402]>,com.paramtech.london.city.wallpapers,d5ad39d1fe4d3fc3a8d48cb6d94cd138e39530dd
716,,<Response [402]>,com.websurg.mobile,d5ad39d1fe4d3fc3a8d48cb6d94cd138e39530dd
717,,<Response [402]>,com.wyverin.graceandfrankiequiz,d5ad39d1fe4d3fc3a8d48cb6d94cd138e39530dd
718,,<Response [402]>,com.sercel.reportit,d5ad39d1fe4d3fc3a8d48cb6d94cd138e39530dd
719,,<Response [402]>,com.megavegass.onearmedbandit,d5ad39d1fe4d3fc3a8d48cb6d94cd138e39530dd
720,,<Response [402]>,com.developer.oracaodasantaefigenia,d5ad39d1fe4d3fc3a8d48cb6d94cd138e39530dd
721,,<Response [402]>,com.xnxsaxvideos.movieplayernxx,d5ad39d1fe4d3fc3a8d48cb6d94cd138e39530dd
722,,<Response [402]>,com.agendapro.orval6183,d5ad39d1fe4d3fc3a8d48cb6d94cd138e39530dd
723,,<Response [402]>,com.albus.albusair,d5ad39d1fe4d3fc3a8d48cb6d94cd138e39530dd
724,,<Response [402]>,com.jingstudio.jianjing,d5ad39d1fe4d3fc3a8d48cb6d94cd138e39530dd
725,,<Response [402]>,com.dante.massdistraction,d5ad39d1fe4d3fc3a8d48cb6d94cd138e39530dd
726,,<Response [402]>,com.Bellfruit.TowerDefenceDomination,d5ad39d1fe4d3fc3a8d48cb6d94cd138e39530dd
727,,<Response [402]>,com.andromo.dev597108.app911386,d5ad39d1fe4d3fc3a8d48cb6d94cd138e39530dd
728,,<Response [402]>,com.wave.smifs,d5ad39d1fe4d3fc3a8d48cb6d94cd138e39530dd
729,,<Response [402]>,toeflpro.prep.app,d5ad39d1fe4d3fc3a8d48cb6d94cd138e39530dd
730,,<Response [402]>,com.topmyquote.easter,d5ad39d1fe4d3fc3a8d48cb6d94cd138e39530dd
731,,<Response [402]>,com.merahputih.kurio,d5ad39d1fe4d3fc3a8d48cb6d94cd138e39530dd
732,,<Response [402]>,com.poketlogik.free.plc,d5ad39d1fe4d3fc3a8d48cb6d94cd138e39530dd
733,,<Response [402]>,com.mfox.greenbackground,d5ad39d1fe4d3fc3a8d48cb6d94cd138e39530dd
734,,<Response [402]>,in.dorar.app,d5ad39d1fe4d3fc3a8d48cb6d94cd138e39530dd
735,,<Response [402]>,com.nadya1.user.sholat,d5ad39d1fe4d3fc3a8d48cb6d94cd138e39530dd
736,,<Response [402]>,com.nobexinc.wls_7845014379.rc,d5ad39d1fe4d3fc3a8d48cb6d94cd138e39530dd
737,,<Response [402]>,com.syarathewanqurban.newapps.lifeinsurancetrandingforexonline,d5ad39d1fe4d3fc3a8d48cb6d94cd138e39530dd
738,,<Response [402]>,bytessync.takethiscall,d5ad39d1fe4d3fc3a8d48cb6d94cd138e39530dd
739,,<Response [402]>,com.carstickersforwa.hardapps,d5ad39d1fe4d3fc3a8d48cb6d94cd138e39530dd
740,,<Response [402]>,com.lc.orangetheme,d5ad39d1fe4d3fc3a8d48cb6d94cd138e39530dd
741,,<Response [402]>,com.suolis.Zedd,d5ad39d1fe4d3fc3a8d48cb6d94cd138e39530dd
742,,<Response [402]>,secret.law.of.attraction,d5ad39d1fe4d3fc3a8d48cb6d94cd138e39530dd
743,,<Response [402]>,com.Infinity.snowman,d5ad39d1fe4d3fc3a8d48cb6d94cd138e39530dd
744,,<Response [402]>,co.classplus.spmt,d5ad39d1fe4d3fc3a8d48cb6d94cd138e39530dd
745,,<Response [402]>,com.byjus.tutorplus,d5ad39d1fe4d3fc3a8d48cb6d94cd138e39530dd
746,,<Response [402]>,com.rinzz.shuttle,d5ad39d1fe4d3fc3a8d48cb6d94cd138e39530dd
747,,<Response [402]>,com.wiley.jas.aphw,d5ad39d1fe4d3fc3a8d48cb6d94cd138e39530dd
748,,<Response [402]>,com.isysway.alquranplugins.tafaseer,d5ad39d1fe4d3fc3a8d48cb6d94cd138e39530dd
749,,<Response [402]>,com.imagetotext.scantotext,d5ad39d1fe4d3fc3a8d48cb6d94cd138e39530dd
750,,<Response [402]>,com.simplefeast.android.app,d5ad39d1fe4d3fc3a8d48cb6d94cd138e39530dd
751,,<Response [402]>,com.makeshop.powerapp.preservedk,d5ad39d1fe4d3fc3a8d48cb6d94cd138e39530dd
752,,<Response [402]>,it.webapp.lievito,d5ad39d1fe4d3fc3a8d48cb6d94cd138e39530dd
753,,<Response [402]>,com.preguntasdelavida,d5ad39d1fe4d3fc3a8d48cb6d94cd138e39530dd
754,,<Response [402]>,artiic.infoArgentinaFree,d5ad39d1fe4d3fc3a8d48cb6d94cd138e39530dd
755,,<Response [402]>,com.kikaapps.harpsound.music,d5ad39d1fe4d3fc3a8d48cb6d94cd138e39530dd
756,,<Response [402]>,com.mygoldapps.musicabandaycorridosgratismusicadebanda,d5ad39d1fe4d3fc3a8d48cb6d94cd138e39530dd
757,,<Response [402]>,com.camera.real.time.translator.camera.translator.all.languages.translator.app,d5ad39d1fe4d3fc3a8d48cb6d94cd138e39530dd
758,,<Response [402]>,com.jieli.btfastconnecthelper,d5ad39d1fe4d3fc3a8d48cb6d94cd138e39530dd
759,,<Response [402]>,com.thedevhouseagency.marbledeathrun,d5ad39d1fe4d3fc3a8d48cb6d94cd138e39530dd
760,,<Response [402]>,news.forecast.x01,d5ad39d1fe4d3fc3a8d48cb6d94cd138e39530dd
761,,<Response [402]>,com.musanga.cp,d5ad39d1fe4d3fc3a8d48cb6d94cd138e39530dd
762,,<Response [402]>,com.fragranzeapps.youngfaced,d5ad39d1fe4d3fc3a8d48cb6d94cd138e39530dd
763,,<Response [402]>,com.bitwise.qrscanner,d5ad39d1fe4d3fc3a8d48cb6d94cd138e39530dd
764,,<Response [402]>,klient.logic,d5ad39d1fe4d3fc3a8d48cb6d94cd138e39530dd
765,,<Response [402]>,com.sagales.appcorporativa,d5ad39d1fe4d3fc3a8d48cb6d94cd138e39530dd
766,,<Response [402]>,net.zamasoft.android.spdalt,d5ad39d1fe4d3fc3a8d48cb6d94cd138e39530dd
767,,<Response [402]>,com.tc.secmeturkuler,d5ad39d1fe4d3fc3a8d48cb6d94cd138e39530dd
768,,<Response [402]>,ie.zappy.fennec.performancetherapyireland,d5ad39d1fe4d3fc3a8d48cb6d94cd138e39530dd
769,,<Response [402]>,com.pocketfinnish.android.finnish,d5ad39d1fe4d3fc3a8d48cb6d94cd138e39530dd
770,,<Response [402]>,com.obooks.siyamAhkam,d5ad39d1fe4d3fc3a8d48cb6d94cd138e39530dd
771,,<Response [402]>,com.ridertechrider.driver,d5ad39d1fe4d3fc3a8d48cb6d94cd138e39530dd
772,,<Response [402]>,com.symposiums.app,d5ad39d1fe4d3fc3a8d48cb6d94cd138e39530dd
773,,<Response [402]>,com.nekstechnology.ticketsmobilesutb,d5ad39d1fe4d3fc3a8d48cb6d94cd138e39530dd
774,,<Response [402]>,com.code404.mytrot_jiwon,d5ad39d1fe4d3fc3a8d48cb6d94cd138e39530dd
775,,<Response [402]>,com.varni.hanumanchalisa,d5ad39d1fe4d3fc3a8d48cb6d94cd138e39530dd
776,,<Response [402]>,com.malydrud.sceniomedico,d5ad39d1fe4d3fc3a8d48cb6d94cd138e39530dd
777,,<Response [402]>,org.kvkozyrev.t800.history,d5ad39d1fe4d3fc3a8d48cb6d94cd138e39530dd
778,,<Response [402]>,com.crowdcompass.appQxuNxTkrwY,d5ad39d1fe4d3fc3a8d48cb6d94cd138e39530dd
779,,<Response [402]>,com.luckynineapps.live4d.prediksi,d5ad39d1fe4d3fc3a8d48cb6d94cd138e39530dd
780,,<Response [402]>,com.ksiwa.Olajide,d5ad39d1fe4d3fc3a8d48cb6d94cd138e39530dd
781,,<Response [402]>,com.ringorang.mobile,d5ad39d1fe4d3fc3a8d48cb6d94cd138e39530dd
782,,<Response [402]>,com.wetpalm.mastermind2,d5ad39d1fe4d3fc3a8d48cb6d94cd138e39530dd
783,,<Response [402]>,com.zgz.santamemory,d5ad39d1fe4d3fc3a8d48cb6d94cd138e39530dd
784,,<Response [402]>,photoframe.photoblender.photoeditor.CuteAnimalsPhotoFramePhotoEditor,d5ad39d1fe4d3fc3a8d48cb6d94cd138e39530dd
785,,<Response [402]>,com.chownow.artsdeli,d5ad39d1fe4d3fc3a8d48cb6d94cd138e39530dd
786,,<Response [402]>,com.geekhive.saimastersammelanam,d5ad39d1fe4d3fc3a8d48cb6d94cd138e39530dd
787,,<Response [402]>,com.Best_Weight.Loss.Tips_Ever,d5ad39d1fe4d3fc3a8d48cb6d94cd138e39530dd
788,,<Response [402]>,io.pushpay.lfachurchvineland,d5ad39d1fe4d3fc3a8d48cb6d94cd138e39530dd
789,,<Response [402]>,in.netshell.KashmirNewsObserver,d5ad39d1fe4d3fc3a8d48cb6d94cd138e39530dd
790,,<Response [402]>,com.hosseinm.nebesht.tusi,d5ad39d1fe4d3fc3a8d48cb6d94cd138e39530dd
791,,<Response [402]>,info.androidx.whatcolor2f,d5ad39d1fe4d3fc3a8d48cb6d94cd138e39530dd
792,,<Response [402]>,com.quick18.mtgraham,d5ad39d1fe4d3fc3a8d48cb6d94cd138e39530dd
793,,<Response [402]>,com.ramdevinfo.godwastickerapp,d5ad39d1fe4d3fc3a8d48cb6d94cd138e39530dd
794,,<Response [402]>,nl.radioisrael.appz.android5d4044a6b1153,d5ad39d1fe4d3fc3a8d48cb6d94cd138e39530dd
795,,<Response [402]>,com.radiostations.singapore.radio,d5ad39d1fe4d3fc3a8d48cb6d94cd138e39530dd
796,,<Response [402]>,com.dendendistudio.lagutomijpisalkpoffln,d5ad39d1fe4d3fc3a8d48cb6d94cd138e39530dd
797,,<Response [402]>,com.serhatapp.TowerStack,d5ad39d1fe4d3fc3a8d48cb6d94cd138e39530dd
798,,<Response [402]>,com.francescobonizzi.starfall,d5ad39d1fe4d3fc3a8d48cb6d94cd138e39530dd
799,,<Response [402]>,com.lcresearch.app,d5ad39d1fe4d3fc3a8d48cb6d94cd138e39530dd
800,,<Response [402]>,appinventor.ai_prdnbtpng.lakpk62,d5ad39d1fe4d3fc3a8d48cb6d94cd138e39530dd
801,,<Response [402]>,com.bouncyball.game,d5ad39d1fe4d3fc3a8d48cb6d94cd138e39530dd
802,,<Response [402]>,com.socratease.socratease,d5ad39d1fe4d3fc3a8d48cb6d94cd138e39530dd
803,,<Response [402]>,io.kodular.taheerudiniq.Cooking_App,d5ad39d1fe4d3fc3a8d48cb6d94cd138e39530dd
804,,<Response [402]>,com.unsei.gfriend.eunha.wallpaper,d5ad39d1fe4d3fc3a8d48cb6d94cd138e39530dd
805,,<Response [402]>,lu.kirepo.mypaper,d5ad39d1fe4d3fc3a8d48cb6d94cd138e39530dd
806,,<Response [402]>,com.a2005sag,d5ad39d1fe4d3fc3a8d48cb6d94cd138e39530dd
807,,<Response [402]>,com.climatech.anthemofelsalvador3,d5ad39d1fe4d3fc3a8d48cb6d94cd138e39530dd
808,,<Response [402]>,com.intellcttechnosoft.onlinee,d5ad39d1fe4d3fc3a8d48cb6d94cd138e39530dd
809,,<Response [402]>,com.endorphin.puckescape,d5ad39d1fe4d3fc3a8d48cb6d94cd138e39530dd
810,,<Response [402]>,com.denger.neuenburgauslosung,d5ad39d1fe4d3fc3a8d48cb6d94cd138e39530dd
811,,<Response [402]>,com.my.GoodsPrice,d5ad39d1fe4d3fc3a8d48cb6d94cd138e39530dd
812,,<Response [402]>,com.andromo.dev492494.app745550,d5ad39d1fe4d3fc3a8d48cb6d94cd138e39530dd
813,,<Response [402]>,appsmoveis.com.br.biblianovomundo,d5ad39d1fe4d3fc3a8d48cb6d94cd138e39530dd
814,,<Response [402]>,com.bartarinha4698.app,d5ad39d1fe4d3fc3a8d48cb6d94cd138e39530dd
815,,<Response [402]>,com.marathi.india.secularism,d5ad39d1fe4d3fc3a8d48cb6d94cd138e39530dd
816,,<Response [402]>,com.tsegakassaye.arat,d5ad39d1fe4d3fc3a8d48cb6d94cd138e39530dd
817,,<Response [402]>,com.aimentertainments.wisheshappynewyeargreetings,d5ad39d1fe4d3fc3a8d48cb6d94cd138e39530dd
818,,<Response [402]>,com.abi.hyperion.craftrunner2,d5ad39d1fe4d3fc3a8d48cb6d94cd138e39530dd
819,,<Response [402]>,com.radiostation.legacyradiofmfreeapponline,d5ad39d1fe4d3fc3a8d48cb6d94cd138e39530dd
820,,<Response [402]>,com.caksys.website16apk,d5ad39d1fe4d3fc3a8d48cb6d94cd138e39530dd
821,,<Response [402]>,us.sol.BullittCounty,d5ad39d1fe4d3fc3a8d48cb6d94cd138e39530dd
822,,<Response [402]>,com.nupuit.nursp1,d5ad39d1fe4d3fc3a8d48cb6d94cd138e39530dd
823,,<Response [402]>,com.creativeit.recruitment,d5ad39d1fe4d3fc3a8d48cb6d94cd138e39530dd
824,,<Response [402]>,com.tamberlow.opl,d5ad39d1fe4d3fc3a8d48cb6d94cd138e39530dd
825,,<Response [402]>,oshin.tasnuva.cwcreminder,d5ad39d1fe4d3fc3a8d48cb6d94cd138e39530dd
826,,<Response [402]>,com.wowwapps.happymemorialdayquotes,d5ad39d1fe4d3fc3a8d48cb6d94cd138e39530dd
827,,<Response [402]>,com.eva.evex2019,d5ad39d1fe4d3fc3a8d48cb6d94cd138e39530dd
828,,<Response [402]>,com.newagehotspot.xvpn.vpnhub.unblockvpn.freevpn,d5ad39d1fe4d3fc3a8d48cb6d94cd138e39530dd
829,,<Response [402]>,com.leagueapps.gardencitylax,d5ad39d1fe4d3fc3a8d48cb6d94cd138e39530dd
830,,<Response [402]>,com.silvermoonapps.learnkoreanquick,d5ad39d1fe4d3fc3a8d48cb6d94cd138e39530dd
831,,<Response [402]>,games.ckael.com.redrive,d5ad39d1fe4d3fc3a8d48cb6d94cd138e39530dd
832,,<Response [402]>,com.sewf2019,d5ad39d1fe4d3fc3a8d48cb6d94cd138e39530dd
833,,<Response [402]>,jp.co.a_tm.android.launcher.search,d5ad39d1fe4d3fc3a8d48cb6d94cd138e39530dd
834,,<Response [402]>,com.vm.ganeshclocklivewallpaper,d5ad39d1fe4d3fc3a8d48cb6d94cd138e39530dd
835,,<Response [402]>,com.urdustatus.stories_book,d5ad39d1fe4d3fc3a8d48cb6d94cd138e39530dd
836,,<Response [402]>,com.winjii.formalineup,d5ad39d1fe4d3fc3a8d48cb6d94cd138e39530dd
837,,<Response [402]>,ro.lifeishard.medicam3,d5ad39d1fe4d3fc3a8d48cb6d94cd138e39530dd
838,,<Response [402]>,com.dean.en,d5ad39d1fe4d3fc3a8d48cb6d94cd138e39530dd
839,,<Response [402]>,com.JonathanLClark.InterstellarDelivery,d5ad39d1fe4d3fc3a8d48cb6d94cd138e39530dd
840,,<Response [402]>,jp.co.tvasahi.chinjyumin.shindan.gochan,d5ad39d1fe4d3fc3a8d48cb6d94cd138e39530dd
841,,<Response [402]>,com.app.p9400DE,d5ad39d1fe4d3fc3a8d48cb6d94cd138e39530dd
842,,<Response [402]>,net.vostic.android,d5ad39d1fe4d3fc3a8d48cb6d94cd138e39530dd
843,,<Response [402]>,br.com.uoledtech.academialight,d5ad39d1fe4d3fc3a8d48cb6d94cd138e39530dd
844,,<Response [402]>,com.shcandymatch.googleplay,d5ad39d1fe4d3fc3a8d48cb6d94cd138e39530dd
845,,<Response [402]>,in.tracedeals.app,d5ad39d1fe4d3fc3a8d48cb6d94cd138e39530dd
846,,<Response [402]>,com.ExControl.Grow,d5ad39d1fe4d3fc3a8d48cb6d94cd138e39530dd
847,,<Response [402]>,com.funfunapp.animalfaceml,d5ad39d1fe4d3fc3a8d48cb6d94cd138e39530dd
848,,<Response [402]>,com.app_xypexghana.layout,d5ad39d1fe4d3fc3a8d48cb6d94cd138e39530dd
849,,<Response [402]>,com.tech.tonsu.suplementosgimnasio,d5ad39d1fe4d3fc3a8d48cb6d94cd138e39530dd
850,,<Response [402]>,br.com.tatoapp,d5ad39d1fe4d3fc3a8d48cb6d94cd138e39530dd
851,,<Response [402]>,com.redeveiculos.guardian.tracking,d5ad39d1fe4d3fc3a8d48cb6d94cd138e39530dd
852,,<Response [402]>,com.chrisgaddes.reaction,d5ad39d1fe4d3fc3a8d48cb6d94cd138e39530dd
853,,<Response [402]>,com.membershipplans.membershipplans,d5ad39d1fe4d3fc3a8d48cb6d94cd138e39530dd
854,,<Response [402]>,org.tokoonlineindonesia.apps.kompasarahkiblatdansholat,d5ad39d1fe4d3fc3a8d48cb6d94cd138e39530dd
855,,<Response [402]>,org.altervita.ultimaprovaprimadi.gonfiatorepalloncino3,d5ad39d1fe4d3fc3a8d48cb6d94cd138e39530dd
856,,<Response [402]>,de.appmaker.android.fanapp,d5ad39d1fe4d3fc3a8d48cb6d94cd138e39530dd
857,,<Response [402]>,com.eagleeye.mobileapp,d5ad39d1fe4d3fc3a8d48cb6d94cd138e39530dd
858,,<Response [402]>,com.akillibinam.webview,d5ad39d1fe4d3fc3a8d48cb6d94cd138e39530dd
859,,<Response [402]>,com.stonecraftblockmaster.PE.impostoramongus,d5ad39d1fe4d3fc3a8d48cb6d94cd138e39530dd
860,,<Response [402]>,com.triangular.game.studio.shape.puzzle.skill.test,d5ad39d1fe4d3fc3a8d48cb6d94cd138e39530dd
861,,<Response [402]>,com.suolis.AdanyPaulo,d5ad39d1fe4d3fc3a8d48cb6d94cd138e39530dd
862,,<Response [402]>,com.logiqids.teamcodelq.ballthrill,d5ad39d1fe4d3fc3a8d48cb6d94cd138e39530dd
863,,<Response [402]>,net.shimawork.toriatume,d5ad39d1fe4d3fc3a8d48cb6d94cd138e39530dd
864,,<Response [402]>,com.thinkbox.smashyracebusted,d5ad39d1fe4d3fc3a8d48cb6d94cd138e39530dd
865,,<Response [402]>,com.swapps.todolist,d5ad39d1fe4d3fc3a8d48cb6d94cd138e39530dd
866,,<Response [402]>,com.bible.jang.cebrcpv,d5ad39d1fe4d3fc3a8d48cb6d94cd138e39530dd
867,,<Response [402]>,com.thetisgames.googleplay.trainsimulator.free,d5ad39d1fe4d3fc3a8d48cb6d94cd138e39530dd
868,,<Response [402]>,com.Company.AsteroidStarship,d5ad39d1fe4d3fc3a8d48cb6d94cd138e39530dd
869,,<Response [402]>,com.naim,d5ad39d1fe4d3fc3a8d48cb6d94cd138e39530dd
870,,<Response [402]>,com.locatify.guide.lauschtour,d5ad39d1fe4d3fc3a8d48cb6d94cd138e39530dd
871,,<Response [402]>,com.otootuitions.tutor,d5ad39d1fe4d3fc3a8d48cb6d94cd138e39530dd
872,,<Response [402]>,com.oden.fc,d5ad39d1fe4d3fc3a8d48cb6d94cd138e39530dd
873,,<Response [402]>,com.enkr8ia.habitat,d5ad39d1fe4d3fc3a8d48cb6d94cd138e39530dd
874,,<Response [402]>,com.attrecto.nbt,d5ad39d1fe4d3fc3a8d48cb6d94cd138e39530dd
875,,<Response [402]>,com.vinance.lockdown,d5ad39d1fe4d3fc3a8d48cb6d94cd138e39530dd
876,,<Response [402]>,eu.vt_tech.learnwordssimply,d5ad39d1fe4d3fc3a8d48cb6d94cd138e39530dd
877,,<Response [402]>,com.officedeskdesign.trendapp,d5ad39d1fe4d3fc3a8d48cb6d94cd138e39530dd
878,,<Response [402]>,dk.jkeg.flutter_neutrino_example,d5ad39d1fe4d3fc3a8d48cb6d94cd138e39530dd
879,,<Response [402]>,com.kennedysiq.incidentmanager,d5ad39d1fe4d3fc3a8d48cb6d94cd138e39530dd
880,,<Response [402]>,com.appsisto.prodluzovanivlasuafroditi,d5ad39d1fe4d3fc3a8d48cb6d94cd138e39530dd
881,,<Response [402]>,br.com.pirus.www.fiscalize.fiscalizeTest,d5ad39d1fe4d3fc3a8d48cb6d94cd138e39530dd
882,,<Response [402]>,com.suvorov.pt_en,d5ad39d1fe4d3fc3a8d48cb6d94cd138e39530dd
883,,<Response [402]>,com.jefteapps.catolicabiblia,d5ad39d1fe4d3fc3a8d48cb6d94cd138e39530dd
884,,<Response [402]>,com.raghavjajodia.taskpro,d5ad39d1fe4d3fc3a8d48cb6d94cd138e39530dd
885,,<Response [402]>,digifit.android.virtuagym.pro.christopherhoerl,d5ad39d1fe4d3fc3a8d48cb6d94cd138e39530dd
886,,<Response [402]>,com.creative2apps.alternativemedicine,d5ad39d1fe4d3fc3a8d48cb6d94cd138e39530dd
887,,<Response [402]>,com.ALL_IN_ONE_NEWS,d5ad39d1fe4d3fc3a8d48cb6d94cd138e39530dd
888,,<Response [402]>,moovex.driverapplication,d5ad39d1fe4d3fc3a8d48cb6d94cd138e39530dd
889,,<Response [402]>,com.technicalhafiz.islamicdua,d5ad39d1fe4d3fc3a8d48cb6d94cd138e39530dd
890,,<Response [402]>,com.ungkapancintaromantisbahasainggris.newkata.forextradinglifeinsurance,d5ad39d1fe4d3fc3a8d48cb6d94cd138e39530dd
891,,<Response [402]>,com.elbara.romanreignswallpaper,d5ad39d1fe4d3fc3a8d48cb6d94cd138e39530dd
892,,<Response [402]>,com.diaa.spascewar,d5ad39d1fe4d3fc3a8d48cb6d94cd138e39530dd
893,,<Response [402]>,net.blogest.okayama,d5ad39d1fe4d3fc3a8d48cb6d94cd138e39530dd
894,,<Response [402]>,com.yarima,d5ad39d1fe4d3fc3a8d48cb6d94cd138e39530dd
895,,<Response [402]>,com.gamebai.pygo.online.tienlenmiennam,d5ad39d1fe4d3fc3a8d48cb6d94cd138e39530dd
896,,<Response [402]>,com.leddevelopmentstudio.slipperypenguin,d5ad39d1fe4d3fc3a8d48cb6d94cd138e39530dd
897,,<Response [402]>,com.bgs.stickman.airplane,d5ad39d1fe4d3fc3a8d48cb6d94cd138e39530dd
898,,<Response [402]>,com.bankinter.portugal.bmb,d5ad39d1fe4d3fc3a8d48cb6d94cd138e39530dd
899,,<Response [402]>,confianza.asesores,d5ad39d1fe4d3fc3a8d48cb6d94cd138e39530dd
900,,<Response [402]>,elegant.Gambia,d5ad39d1fe4d3fc3a8d48cb6d94cd138e39530dd
901,,<Response [402]>,mago.rubensoler,d5ad39d1fe4d3fc3a8d48cb6d94cd138e39530dd
902,,<Response [402]>,com.food4you.food,d5ad39d1fe4d3fc3a8d48cb6d94cd138e39530dd
903,,<Response [402]>,com.saludos.entudia,d5ad39d1fe4d3fc3a8d48cb6d94cd138e39530dd
904,,<Response [402]>,com.marg.newmargorder,d5ad39d1fe4d3fc3a8d48cb6d94cd138e39530dd
905,,<Response [402]>,fr.rc.le_balzac,d5ad39d1fe4d3fc3a8d48cb6d94cd138e39530dd
906,,<Response [402]>,com.alasmarcompany.app.unbelievable.facts,d5ad39d1fe4d3fc3a8d48cb6d94cd138e39530dd
907,,<Response [402]>,com.sylvania.zevo.sylvania,d5ad39d1fe4d3fc3a8d48cb6d94cd138e39530dd
908,,<Response [402]>,com.listen2myapp.listen2myapp345,d5ad39d1fe4d3fc3a8d48cb6d94cd138e39530dd
909,,<Response [402]>,camila.cabello3,d5ad39d1fe4d3fc3a8d48cb6d94cd138e39530dd
910,,<Response [402]>,com.danilao.batterycarealarm,d5ad39d1fe4d3fc3a8d48cb6d94cd138e39530dd
911,,<Response [402]>,com.spiderum,d5ad39d1fe4d3fc3a8d48cb6d94cd138e39530dd
912,,<Response [402]>,com.ex.saade,d5ad39d1fe4d3fc3a8d48cb6d94cd138e39530dd
913,,<Response [402]>,co.ezychurch.citywest,d5ad39d1fe4d3fc3a8d48cb6d94cd138e39530dd
914,,<Response [402]>,com.magzter.udayindiahindi,d5ad39d1fe4d3fc3a8d48cb6d94cd138e39530dd
915,,<Response [402]>,com.sebastian.midicontroller,d5ad39d1fe4d3fc3a8d48cb6d94cd138e39530dd
916,,<Response [402]>,com.kingrex.sgpool,d5ad39d1fe4d3fc3a8d48cb6d94cd138e39530dd
917,,<Response [402]>,paulo.games.lolmaze,d5ad39d1fe4d3fc3a8d48cb6d94cd138e39530dd
918,,<Response [402]>,scott.PICandEMAIL,d5ad39d1fe4d3fc3a8d48cb6d94cd138e39530dd
919,,<Response [402]>,com.metropoolambassadorsclub.metropoolambassadorsclub,d5ad39d1fe4d3fc3a8d48cb6d94cd138e39530dd
920,,<Response [402]>,com.SunflowerWallpaper.flower.nature.beautiful.background.wallpapers,d5ad39d1fe4d3fc3a8d48cb6d94cd138e39530dd
921,,<Response [402]>,com.hjass.pro,d5ad39d1fe4d3fc3a8d48cb6d94cd138e39530dd
922,,<Response [402]>,camera.vintage.vhs.video,d5ad39d1fe4d3fc3a8d48cb6d94cd138e39530dd
923,,<Response [402]>,br.org.anmp,d5ad39d1fe4d3fc3a8d48cb6d94cd138e39530dd
924,,<Response [402]>,com.hope.buddah.ksitigarbha,d5ad39d1fe4d3fc3a8d48cb6d94cd138e39530dd
925,,<Response [402]>,com.goaz.teruel,d5ad39d1fe4d3fc3a8d48cb6d94cd138e39530dd
926,,<Response [402]>,com.caa.veoapp,d5ad39d1fe4d3fc3a8d48cb6d94cd138e39530dd
927,,<Response [402]>,uk.co.thesalarycalculator,d5ad39d1fe4d3fc3a8d48cb6d94cd138e39530dd
928,,<Response [402]>,jp.kazushige.sato.ramenJirou,d5ad39d1fe4d3fc3a8d48cb6d94cd138e39530dd
929,,<Response [402]>,mercadapp.fgl.com.diretodocampo,d5ad39d1fe4d3fc3a8d48cb6d94cd138e39530dd
930,,<Response [402]>,com.Shami.QRCodeScannerApp,d5ad39d1fe4d3fc3a8d48cb6d94cd138e39530dd
931,,<Response [402]>,grdp.ganeshsatkar.ahilyalibrary,d5ad39d1fe4d3fc3a8d48cb6d94cd138e39530dd
932,,<Response [402]>,com.nexogen.noise.background,d5ad39d1fe4d3fc3a8d48cb6d94cd138e39530dd
933,,<Response [402]>,com.tiffintom.cafelime,d5ad39d1fe4d3fc3a8d48cb6d94cd138e39530dd
934,,<Response [402]>,com.MJ.Color.Effects.Photo.Camera,d5ad39d1fe4d3fc3a8d48cb6d94cd138e39530dd
935,,<Response [402]>,com.pmongeau.cardstacks,d5ad39d1fe4d3fc3a8d48cb6d94cd138e39530dd
936,,<Response [402]>,br.com.doradocar.passenger.drivermachine,d5ad39d1fe4d3fc3a8d48cb6d94cd138e39530dd
937,,<Response [402]>,project.makura.learnwithkepi,d5ad39d1fe4d3fc3a8d48cb6d94cd138e39530dd
938,,<Response [402]>,com.ionicframework.commuterstops869833,d5ad39d1fe4d3fc3a8d48cb6d94cd138e39530dd
939,,<Response [402]>,cn.xang.fkfourthree,d5ad39d1fe4d3fc3a8d48cb6d94cd138e39530dd
940,,<Response [402]>,com.volant.worldcup,d5ad39d1fe4d3fc3a8d48cb6d94cd138e39530dd
941,,<Response [402]>,net.at4.abcrestaurants,d5ad39d1fe4d3fc3a8d48cb6d94cd138e39530dd
942,,<Response [402]>,com.cqsoluciones.radio.radionova,d5ad39d1fe4d3fc3a8d48cb6d94cd138e39530dd
943,,<Response [402]>,com.BestofallPhotography.PhotoFrameFlowerPF,d5ad39d1fe4d3fc3a8d48cb6d94cd138e39530dd
944,,<Response [402]>,com.NAW.WIZ2,d5ad39d1fe4d3fc3a8d48cb6d94cd138e39530dd
945,,<Response [402]>,com.oodrive.mtx,d5ad39d1fe4d3fc3a8d48cb6d94cd138e39530dd
946,,<Response [402]>,com.quran.quraninmp3.quranwithenglish,d5ad39d1fe4d3fc3a8d48cb6d94cd138e39530dd
947,,<Response [402]>,it.frankparadiso.soveratoapp,d5ad39d1fe4d3fc3a8d48cb6d94cd138e39530dd
948,,<Response [402]>,com.settrade.app.wealthic,d5ad39d1fe4d3fc3a8d48cb6d94cd138e39530dd
949,,<Response [402]>,com.stocker.ronchii.testads,d5ad39d1fe4d3fc3a8d48cb6d94cd138e39530dd
950,,<Response [402]>,es.juntadeandalucia.mapea.sepim.cambil_arbuniel,d5ad39d1fe4d3fc3a8d48cb6d94cd138e39530dd
951,,<Response [402]>,com.shareanyapp.sharekarofiles,d5ad39d1fe4d3fc3a8d48cb6d94cd138e39530dd
952,,<Response [402]>,com.bhajan.sangrah.hindi,d5ad39d1fe4d3fc3a8d48cb6d94cd138e39530dd
953,,<Response [402]>,com.unc.vishalsah.uncunionpourlanationcongolaise,d5ad39d1fe4d3fc3a8d48cb6d94cd138e39530dd
954,,<Response [402]>,com.informatique.salam,d5ad39d1fe4d3fc3a8d48cb6d94cd138e39530dd
955,,<Response [402]>,section.bondzone.com.indianlaw,d5ad39d1fe4d3fc3a8d48cb6d94cd138e39530dd
956,,<Response [402]>,de.baur.kalenderwoche,d5ad39d1fe4d3fc3a8d48cb6d94cd138e39530dd
957,,<Response [402]>,hekmaa.com,d5ad39d1fe4d3fc3a8d48cb6d94cd138e39530dd
958,,<Response [402]>,com.app.superwallpaper,d5ad39d1fe4d3fc3a8d48cb6d94cd138e39530dd
959,,<Response [402]>,com.andromo.dev296533.app482964,d5ad39d1fe4d3fc3a8d48cb6d94cd138e39530dd
960,,<Response [402]>,com.maciejfras.line,d5ad39d1fe4d3fc3a8d48cb6d94cd138e39530dd
961,,<Response [402]>,com.oatjohndrip.againwimbobekaflavour,d5ad39d1fe4d3fc3a8d48cb6d94cd138e39530dd
962,,<Response [402]>,pe.icresil.a2048mergedeluxe,d5ad39d1fe4d3fc3a8d48cb6d94cd138e39530dd
963,,<Response [402]>,com.easystudy.adus,d5ad39d1fe4d3fc3a8d48cb6d94cd138e39530dd
964,,<Response [402]>,scienceclass9.surendra,d5ad39d1fe4d3fc3a8d48cb6d94cd138e39530dd
965,,<Response [402]>,jp.digitallab.suei,d5ad39d1fe4d3fc3a8d48cb6d94cd138e39530dd
966,,<Response [402]>,com.dotemu.ddtrilogy,d5ad39d1fe4d3fc3a8d48cb6d94cd138e39530dd
967,,<Response [402]>,com.wethaaq.passingball,d5ad39d1fe4d3fc3a8d48cb6d94cd138e39530dd
968,,<Response [402]>,com.save.juan.hydropsaveapp,d5ad39d1fe4d3fc3a8d48cb6d94cd138e39530dd
969,,<Response [402]>,it.quanticfactory.hologamistudio,d5ad39d1fe4d3fc3a8d48cb6d94cd138e39530dd
970,,<Response [402]>,vt.android.flearn,d5ad39d1fe4d3fc3a8d48cb6d94cd138e39530dd
971,,<Response [402]>,com.transcend.otg,d5ad39d1fe4d3fc3a8d48cb6d94cd138e39530dd
972,,<Response [402]>,ca.sherpa.viewbook,d5ad39d1fe4d3fc3a8d48cb6d94cd138e39530dd
973,,<Response [402]>,com.sugar.dichbiensoxe,d5ad39d1fe4d3fc3a8d48cb6d94cd138e39530dd
974,,<Response [402]>,com.rampagemods.addon.animals.mods.free,d5ad39d1fe4d3fc3a8d48cb6d94cd138e39530dd
975,,<Response [402]>,com.ahtapot.eplato,d5ad39d1fe4d3fc3a8d48cb6d94cd138e39530dd
976,,<Response [402]>,com.colsner.christmaswish,d5ad39d1fe4d3fc3a8d48cb6d94cd138e39530dd
977,,<Response [402]>,aero.sei.flightcalc,d5ad39d1fe4d3fc3a8d48cb6d94cd138e39530dd
978,,<Response [402]>,com.brazsoft.swruralmobile,d5ad39d1fe4d3fc3a8d48cb6d94cd138e39530dd
979,,<Response [402]>,com.thankgodquotestenthousandstatus,d5ad39d1fe4d3fc3a8d48cb6d94cd138e39530dd
980,,<Response [402]>,com.growee.release,d5ad39d1fe4d3fc3a8d48cb6d94cd138e39530dd
981,,<Response [402]>,com.envure.smart,d5ad39d1fe4d3fc3a8d48cb6d94cd138e39530dd
982,,<Response [402]>,com.hitech.bunchofdates,d5ad39d1fe4d3fc3a8d48cb6d94cd138e39530dd
983,,<Response [402]>,com.arabeskfmnet.liderhost,d5ad39d1fe4d3fc3a8d48cb6d94cd138e39530dd
984,,<Response [402]>,com.travelfriend,d5ad39d1fe4d3fc3a8d48cb6d94cd138e39530dd
985,,<Response [402]>,mobi.easyorderapp.chezvincent,d5ad39d1fe4d3fc3a8d48cb6d94cd138e39530dd
986,,<Response [402]>,live.free.america.usa.independence.lwphd,d5ad39d1fe4d3fc3a8d48cb6d94cd138e39530dd
987,,<Response [402]>,com.ideitech.tictactoe,d5ad39d1fe4d3fc3a8d48cb6d94cd138e39530dd
988,,<Response [402]>,com.anysoftkeyboard.theme.classic_pc,d5ad39d1fe4d3fc3a8d48cb6d94cd138e39530dd
989,,<Response [402]>,com.cervicorn.connect,d5ad39d1fe4d3fc3a8d48cb6d94cd138e39530dd
990,,<Response [402]>,eu.ecooffice.ecogo,d5ad39d1fe4d3fc3a8d48cb6d94cd138e39530dd
991,,<Response [402]>,com.icongames.hvh,d5ad39d1fe4d3fc3a8d48cb6d94cd138e39530dd
992,,<Response [402]>,com.UmbruZDeV.BollywoodHindi,d5ad39d1fe4d3fc3a8d48cb6d94cd138e39530dd
993,,<Response [402]>,com.kidgames.halloween.quiz,d5ad39d1fe4d3fc3a8d48cb6d94cd138e39530dd
994,,<Response [402]>,com.N0R31.BlueBalloonRise,d5ad39d1fe4d3fc3a8d48cb6d94cd138e39530dd
995,,<Response [402]>,com.colossussoftware.publicholidays,d5ad39d1fe4d3fc3a8d48cb6d94cd138e39530dd
996,,<Response [402]>,com.Tobit.android.Slitte7550722165,d5ad39d1fe4d3fc3a8d48cb6d94cd138e39530dd
997,,<Response [402]>,com.trackensure.fleet,d5ad39d1fe4d3fc3a8d48cb6d94cd138e39530dd
998,,<Response [402]>,com.golmok20201.golmok20201,d5ad39d1fe4d3fc3a8d48cb6d94cd138e39530dd
999,,<Response [402]>,air.bamboocannonstudio.gameanakhewanlaut,d5ad39d1fe4d3fc3a8d48cb6d94cd138e39530dd
