date,comment,app_name
"November 20, 2021",I've had this app for 2 years now and I am READY to use it for this year's New Years Eve countdown again! ğŸ˜ƒğŸ˜ƒğŸ‘ğŸ¼ğŸ‘ğŸ¼ğŸ‰ happy holidays guys!ğŸ¤—â¤âœ¨,New Year Countdown 2020
"November 6, 2021",beautiful bright,New Year Countdown 2020
"October 25, 2021",good to wallpaper,New Year Countdown 2020
"October 20, 2021",cool,New Year Countdown 2020
"October 7, 2021",ğŸ‡ğŸ˜ğŸ¥°ğŸ‘,New Year Countdown 2020
"September 22, 2021",Works Great On My OnePlus Nord N200 Smartphones Unlimited Samsung ğŸ˜‚â™¥ï¸ğŸ™‹ğŸ˜˜ğŸ’‹ Perfectly.,New Year Countdown 2020
"September 16, 2021",Amazing,New Year Countdown 2020
"September 3, 2021",Very good,New Year Countdown 2020
"June 13, 2021",hello marlyn,New Year Countdown 2020
"April 6, 2021","it is already a rule to always use this app on my hollydays :D , please enable the countdown to 2022, thanks.",New Year Countdown 2020
"July 28, 2019",love,ImÃ¡genes de Amistad con Frases
"July 15, 2019",i like,ImÃ¡genes de Amistad con Frases
"June 28, 2019",no descargo por.eso de cuatro estrella pero se merecen cinco,ImÃ¡genes de Amistad con Frases
"April 23, 2019",No me gusto,ImÃ¡genes de Amistad con Frases
"April 12, 2019",love it,ImÃ¡genes de Amistad con Frases
"November 11, 2018",Brendaperez,ImÃ¡genes de Amistad con Frases
"September 24, 2018",It's cool,ImÃ¡genes de Amistad con Frases
"September 26, 2018",Nice..and very cool..I love it..,ImÃ¡genes de Amistad con Frases
"August 10, 2018",Noooooooo,ImÃ¡genes de Amistad con Frases
"August 12, 2018",Cooooool app ğŸ’– thnx ğŸ˜Š,ImÃ¡genes de Amistad con Frases
"October 18, 2021",Graphics are sh!!,TOPZ Frozen Yogurt Metro Deli
"May 14, 2021","the game is great but the comets they sead it made them fart thats just stupid probably probably just a kid and somebody also sead be yougert are be nothing what does that mean and somebody sead it not work then tell the game creator to fix it and fix the game please fix it you need to unlock the to...
Full Review",TOPZ Frozen Yogurt Metro Deli
"October 31, 2020",Game freaking suck's stinky butt crake! ğŸ™…ğŸ¼ğŸ‘ğŸ»,TOPZ Frozen Yogurt Metro Deli
"April 27, 2020",Hate it why does this exist,TOPZ Frozen Yogurt Metro Deli
"March 26, 2020","Dear Frozen Yogurt, you are the celery of dessert. Be ice cream or be nothing. -Ron Swanson",TOPZ Frozen Yogurt Metro Deli
"January 24, 2020",it would not let me tap to eat i hate it,TOPZ Frozen Yogurt Metro Deli
"November 28, 2019",BORING,TOPZ Frozen Yogurt Metro Deli
"December 20, 2018",It did not work,TOPZ Frozen Yogurt Metro Deli
"December 10, 2018",okay I guess,TOPZ Frozen Yogurt Metro Deli
"March 18, 2017",FARTED wile playing this!!!! ğŸ˜¶ğŸ˜,TOPZ Frozen Yogurt Metro Deli
"November 29, 2021",Good,Hindi News | Hindi News App | Hindi News Live TV
"November 29, 2021",It's useful for us,Hindi News | Hindi News App | Hindi News Live TV
"November 28, 2021",Excellent,Hindi News | Hindi News App | Hindi News Live TV
"November 28, 2021",à¤•à¤°à¤£,Hindi News | Hindi News App | Hindi News Live TV
"November 28, 2021",good,Hindi News | Hindi News App | Hindi News Live TV
"November 28, 2021",Good,Hindi News | Hindi News App | Hindi News Live TV
"November 27, 2021",Good.,Hindi News | Hindi News App | Hindi News Live TV
"November 27, 2021",Nice,Hindi News | Hindi News App | Hindi News Live TV
"November 27, 2021",Nice,Hindi News | Hindi News App | Hindi News Live TV
"November 27, 2021",Mast news app,Hindi News | Hindi News App | Hindi News Live TV
